Cod_Func;Nome_Func
0001-0003;MARCELINO RICARDO SANTOS
0001-0007;SALVADOR FARIAS DOS SANTOS
0001-0013;JULIO FABIO DA SILVA
0001-0015;JESUS BORGES RAMOS
0001-0016;MARIA DA GLORIA NUNES
0001-0018;JOSE ROSA DA SILVA
0001-0019;EDSON PEREIRA MARTINS
0001-0028;IVAIR ASSIS SILVA
0001-0050;ISAC NOGUEIRA DUARTE
0001-0053;ANIZIO PEREIRA DOS REIS
0001-0057;CREUZENI FERREIRA RAMOS
0001-0060;MARGARIDA TEIXEIRA DE OLIVEIRA
0001-0063;JOSE BONIFACIO RODRIGUES
0001-0073;ADAO FERRARI
0001-0086;JOSE RIBEIRO
0001-0090;ANTONIO FERREIRA
0001-0113;JOSE VIEIRA DA SILVA
0001-0129;EUZA FERREIRA DIAS
0001-0145;MOSAR DA SILVA GONCALVES
0001-0388;ADIEL MARTINS DA COSTA
0001-0389;SONIA GLORIA DE OLIVEIRA
0001-0392;MARIA NILDA DE OLIVEIRA ASSIS
0001-0421;JOSE EXPEDITO DA SILVA
0001-0514;LINA APARECIDA DA SILVA
0001-0529;SANDRA GOMES DA ROCHA
0001-0547;DOUGLAS MOURA GOMES
0001-0638;RENATA PAULA ROCHA JULIO
0001-0639;VERA LUCIA BRANDAO DA SILVA
0001-0653;CAMILA CRISTINY GUEDES
0001-0663;JAQUELINE VILAS BOAS MAGALHAES
0001-0665;FRANCISCO NAPOLEAO MORAIS
0001-0666;JUCILEIA DA CONCEICAO M DO NASCIMENTO
0001-0667;ELTON JONHN DA SILVA
0001-0668;JOSE DA CONSOLACAO DE SOUZA
0001-0669;FABIANA LIMA PEREIRA
0001-0670;AMANDA IGIDIO SANCHO
0001-0671;MARLI DAS GRACAS PEREIRA
0001-0673;DIVINO TORRES BERNARDINO
0001-0675;WASHINGTON F. DE CASTRO JUNIOR
0001-0679;LINO JOSE GOMES NETO
0001-0680;NEULAINE FERREIRA PAULA
0001-0682;JOSE DE ALVARENGA
0001-0684;ALICE VIANA DA SILVA
0001-0685;VALDELI FRANCISCO DE SOUZA
0001-0687;JOSE DOMINGOS FILHO
0001-0688;FERNANDA SOUZA LEAL
0001-0689;IGOR DE BARROZO BARCELOS
0001-0693;JOSE BONIFACIO RODRIGUES
0001-0695;SEBASTIAO FERNANDES CAETANO
0001-0704;JACI DA CUNHA NETO
0001-0707;MARIA APARECIDA PEREIRA
0001-0712;MARCOS VINICIUS PEREIRA SILVA
0001-0727;JOEDER FILADELFO DOS SANTOS
0001-0730;SEBASTIAO SOARES DAMASCENO FILHO
0001-0738;ROSA MARIA DE ALMEIDA
0001-0762;BRUNO MORAES VASCONCELOS
0001-0764;GLEISCON NUNES DE SENA
0001-0768;THALLES FREITAS DE SOUZA
0001-0823;LUIZ RODRIGUES
0001-0832;DANILO ARAUJO STEIN
0001-0834;WASHINGTON LUIZ SOUZA DUARTE
0001-0868;DOUGLAS DEIVISSON DUARTE
0001-0872;GERALDO DOMINGOS CADETE
0001-0905;GUILHERME AUGUSTO DE PAIVA
0001-0910;MAURICIO RODRIGUES LAJE DE JESUS
0001-0917;JOAO OLEGARIO DE MELO
0001-0919;MARIA RITA DE AMORIM
0001-0920;GEAMERSON CRISLEI SILVA ROCHA
0001-0924;ANDERSON DIAS DA SILVA
0001-0925;GENILDA APARECIDA DE OLIVEIRA
0001-0929;JEAN FAUSTINO SANTOS
0001-0933;JOEL DE OLIVEIRA RAMOS
0001-0936;JOSE MARCIO DAMASCENO
0001-0938;THAIS APARECIDA OLIVEIRA BARBOSA
0001-0939;MARILDA MARTINS SA MAIA
0001-0945;MARCOS ANTONIO DE ALMEIDA SOUZA ESPETERI
0001-0980;EUDER DA SILVA MELO
0001-0983;SERGIO ROBERTO DA CUNHA
0001-0996;ANDRE LUIZ DA SILVA
0001-1042;GERALDO RAMOS DE CASTRO
0001-1060;REJANE APARECIDA PIRES
0001-1102;EVERALDO WERNECK BATISTA
0001-1132;SILVINO GOMES DA SILVA
0001-1134;LILIAN GLEICY PINHO DE JESUS
0001-1144;DHAYANY COSTA E SILVA
0001-1241;ERICA SILVA ROCHA
0001-1252;MARIA DOLORES DIAS
0001-1292;MARCELO FRAGA MACHADO
0001-1360;KARL HASSEY LUIZ SOARES
0001-1363;UEBER JENUARIO
0001-1375;ROSINEY DAS GRACAS BATISTA
0001-1377;MATHEUS SILVA SALES
0001-1378;RUSIVEL ADLEY SILVA BRANDAO
0001-1383;GENESIO GONCALVES DE ANDRADE
0001-1415;WELLINGTON FERNANDO VIERA SENA
0001-1425;DOUGLAS ANDRE DE OLIVEIRA
0002-0003;ANTONIO VIEIRA MARTINS
0002-0011;GEOVANNI SOUZA FRANCA
0002-0034;ELIZABETH CARDOSO DOS SANTOS
0002-0038;MARIA DO CARMO GOMES
0002-0040;ANA CRISTINA
0002-0048;EMILSON PEREIRA CHAVES
0002-0049;JANETE DIAS PEREIRA
0002-0054;JONAS MADEIRA
0002-0055;MARIO ELIZEU
0002-0065;JOAO JOVINO DA SILVA
0002-0069;GILMAR MAGALHAES LEMOS
0002-0078;ELISEU NEVES RIBEIRO
0002-0095;MURILO DE OLIVEIRA PINHO
0002-0111;FAUSTINO AFANASIO RAPOSO NETO
0002-0112;FERNANDA SOUZA DOS SANTOS
0002-0129;DELIO VIANA DOS SANTOS
0002-0163;WILIAN TAVARES DIAS
0002-0177;CARLOS ALBERTO VIEIRA
0002-0197;MANOEL ANTONIO DA FONSECA
0002-0217;MARIA DE LOURDES GOUVEIA
0002-0239;ARISTEU ROSALINO DE ALMEIDA
0002-0253;BONFIOLES CLASSIM SILVA
0002-0263;SILMA NUNES MAURICIO
0002-0267;FRANCISVAL HENRIQUE DA SILVA
0002-0282;MARCIO DE SOUZA ASSIS
0002-0283;OTELINO DIAS RUAS
0002-0298;VALERIANO JOSE DE OLIVEIRA
0002-0310;JOAO FIRMINO GARITO
0002-0319;ROSEMBERG FERNANDES MARTINS
0002-0321;MARIA ANASTACIA ROSA
0002-0323;JOSE MATIAS DE ALVANAZ
0002-0326;SALVADOR LUZIA ROSA
0002-0327;ANTONIO FIRMIANO DOS SANTOS
0002-0352;JOSE DORCELINO DA SILVA
0002-0374;ANTONIO DE FATIMA DA SILVA
0002-0381;ANTONIO BRAGA OLIVEIRA
0002-0391;DANILO MOREIRA MAGELA
0002-0412;MARIA VITOR BOTELHO
0002-0436;JOSE ANTERIO CALIXTO
0002-0443;JOSE LUCIO DA SILVA
0002-0444;MARIA DAS DORES DE OLIVEIRA
0002-0445;RONILSON RIBEIRO
0002-0463;MIGUEL VIEIRA SOARES
0002-0499;ALBERTO COSTA FILHO
0002-0528;RAIMUNDO SERGIO DE OLIVEIRA
0002-0533;MOACIR DOS SANTOS
0002-0535;JOAO BATISTA DE ALMEIDA
0002-0547;JOAO BATISTA LEMOS
0002-0548;JOAO MARTINS DE SOUZA
0002-0551;ORLANDO ALVES PINTO
0002-0553;PAULO JORGE PIRES
0002-0564;MAURILIO RUFINO DE ALMEIDA
0002-0566;ELZA MARIA DA SILVA
0002-0569;GILSON DIAS MATOS
0002-0579;MARIA CELIA PEREIRA COSTA VIEIRA
0002-0590;MARTA MARIA DE SOUZA
0002-0594;NILTONY MARCOS CEZARIO
0002-0595;PERCY JOSE DA COSTA
0002-0599;VANDA MARIA RUBIM MOREIRA
0002-0639;CLAUDIO VIEIRA DE SOUZA
0002-0644;JOSE MARIA DE ANDRADE SILVA
0002-0647;ERASMO ANDRADE SILVA
0002-0652;SILVANA MARCIA CONDE DA ROCHA
0002-0653;GERALDO GONCALVES PASSOS
0002-0660;DANIEL DE OLIVEIRA CARVALHO
0002-0662;ROSILENE GUEDES DE SA
0002-0677;LEONARDO DE LIMA VIEIRA
0002-0694;MARIA HELENA BREGUER
0002-0714;BRUNO RODRIGUES DA CUNHA
0002-0729;ANA DIAS TORRES
0002-0736;ANTONIO MARTINS DOS SANTOS
0002-0738;ANA MARIA DIAS DE SA
0002-0752;JOSE DO CARMO LOPES
0002-0778;RAIMUNDO MARTINS DA SILVA
0002-0784;CARMELITA MENEZES DAMIAO
0002-0785;ANA MARIA DA SILVA
0002-0787;MARLENE GOMES DOS SANTOS
0002-0789;EDUARDO MANASSES CAMPOS
0002-0812;ANTONINHO LUCAS EVANGELISTA
0002-0823;REINALDO MAGALHAES DE AMORIM
0002-0825;JULIANO DE PAULA
0002-0826;MAURICIO DE ABREU COSTA
0002-0844;KAELTON LINO RODRIGUES
0002-0847;WALTER VASCONCELOS
0002-0853;GILBERTO SALDANHA DA CRUZ
0002-0877;ALBANETE LIMA VENDRAMINE BONFIM
0002-0903;NAMIR SOARES
0002-0920;SANDRA FERNANDES VIEIRA
0002-0975;ANA DE JESUS DE SOUZA
0002-1082;ANTONIO CARLOS DE ALMEIDA TAVARES
0002-1153;MARIA APARECIDA DE OLIVEIRA
0002-1191;RAFAEL ESAKI PINTO
0002-1210;WILTON OLIVEIRA CARVALHO
0002-1224;JERONIMO CORDEIRO DA SILVA
0002-1230;COFERMETA S.A
0002-1270;JOAO PEREIRA DA SILVA
0002-1333;GERALDA CARVALHO PEREIRA
0002-1346;LUIZ EDUARDO SCHUCHTER
0002-1432;ADEMAR CAMPOS DE ANDRADE
0002-1467;NELCILAINE SILVA DE LIMA
0002-1509;MARCELO GOMES PEREIRA
0002-1546;JOSE FRANCISCO DE SOUZA
0002-1581;MARIA APARECIDA CONCALVES
0002-1599;ABEL ALVES RODRIGUES
0002-1626;GLAUCENIR FERNANDES DE CASTRO
0002-1659;RENAN VENTURA DA SILVA
0002-1819;BRAZ FRANCISCO GOMES
0002-1907;JOAQUINA DA SILVA LINO
0002-1933;MADALENA EMIDIA COSTA SANTOS
0002-1997;ROGERIO QUINTAO ARAUJO
0002-2035;JOSE RIBEIRO LACERDA
0002-2082;GECI MARINO DA COSTA
0002-2231;FABIO FERNANDES QUINTELA
0002-2258;CLEIDSON PEREIRA DE LIMA
0002-2352;FERNANDO ACACIO DE JESUS
0002-2358;JOSE INACIO EVANGELISTA
0002-2359;JOSE DE PAULA LIMA
0002-2474;FLAVIO AUGUSTO DE SOUZA
0002-2498;ANTONIO CARLOS DA ROCHA
0002-2538;WEBERTON LUCAS DE MATOS
0002-2561;SONIA MARIA PEREIRA DE SOUSA
0002-2565;MARIA OLIVEIRA BARBOSA
0002-2591;LOPES E FARIA ORGANIZACOES ALIMENTICIAS 
0002-2698;FRANCISLANE RODRIGUES OLIVEIRA SANTOS
0002-2758;ELLEN CINTIA DE OLIVEIRA PAIVA 074205406
0002-2953;MARCOS GABRIEL DA SILVA
0002-3000;ALINE MARTINS ALVES DA SILVA
0002-3025;ANA PAULA CANEDO MACEDO
0002-3033;GEFERSON GLASSIANO DE ASSIS
0002-3136;RAISSA MOREIRA SILVA ME
0002-3154;MARLEY ADRIANY ANICIO GREGORIO
0002-3193;LUIZ CLAUDIO PIRES DA ROCHA
0002-3233;PEDRO SEMEAO BRITO DOS SANTOS
0002-3250;DENISE PATRICIA BARROSOS GUIMARAES
0002-3274;NILTON FERREIRA DE SOUZA
0002-3275;MARIELE SILVA ALVES
0002-3349;THAMYRES ANDREIA FEREIRA LEAO
0002-3398;EDERSON MARTINS DE SOUZA
0002-3425;MARIA DA PENHA PEREIRA
0002-3426;NILSON BARBOSA DE FREITAS
0002-3430;EDSON OLIVEIRA COSTA
0002-3467;ROSA GOMES PAULINO
0002-3469;RUTH SILVA CAMPOS
0002-3471;ELZA FERNANDES DA SILVA
0002-3535;RODOLFO GOMES DA SILVA
0002-3601;SIDNEI RAMOS DE SOUZA
0002-3602;SUELY ALVES DA SILVA DIAS
0002-3631;NELY BATISTA
0002-3646;EDELCY JOSE DOS SANTOS
0002-3656;HERICA PEDROSA DE SOUZA
0002-3658;JOSELY MEDEIROS DA SILVA
0002-3660;MARIA BRANDAO DE CASTRO
0002-3674;ROSANGELA CRISTINA PASSOS DA SILVA
0002-3685;MARIA APARECIDA ALVES 55872395604
0002-3723;JOELMA RIBEIRO SANTOS
0002-3726;ANDREONE MICHEL DOS SANTOS
0002-3731;ANDERSON MAGALHAES ALMEIDA...
0002-3736;ANTONIO PEREIRA DOS SANTOS
0002-3752;ROSILENE HIGINA DE ALMEIDA
0002-3762;EDIONE CRISTINA FERREIRA
0002-3798;WARDYLANI REGGIANI LAGE
0002-3817;JANAINA JUNIO BENTO
0002-3861;GENTIL DE SOUZA REIS
0002-3873;ILANA MARA FRADE FERREIRA
0002-3889;RUBENS DE JESUS SIQUEIRA
0002-3958;DENILSON DE OLIVEIRA BARBOSA
0002-3963;BRAULIO MOREIRA DE OLIVEIRA
0002-3965;JORGE FELIPE TOLEDO
0002-3978;JOSE ROMULO RIBEIRO ME
0002-3980;RUTE MARQUES MONTEIRO PEREIRA ME
0002-3982;IVIANE VIRGILIO MARQUES ME
0002-3993;PIEDADE DIAS DE SOUZA
0002-4004;ADRIANO ANASTACIO SILVA DE ANDRADE
0002-4022;JOSE BRAS CALIXTO
0002-4028;FERNANDO AUGUSTO DIAS FERREIRA
0002-4039;MOACIR JOSE FRANCELINO
0002-4066;VANDA MALAGUTI REIS 42762596553
0002-4068;CLEITON HORRANE GOMES ANDRADE
0002-4085;FLAVIO DA COSTA E SILVA 00627226620
0002-4101;GUSTAVO AUGUSTO COTTA ANDRADE
0002-4105;SEBASTIAO DIAS PEREIRA
0002-4106;ROBSON DOS SANTOS MARTINS
0002-4110;VINICIUS MENDES DE CARVALHO ME
0002-4111;SAMIRA GONCALVES RIBEIRO
0002-4112;IVANILDE MEDEIROS CASSIMIRO
0002-4119;SATIL MARCAL FERREIRA
0002-4123;FERNANDO ARAUJO REZENDE
0002-4126;MICO LEAO CASA DE FESTAS
0002-4127;CLAUDIO PAULO FERREIRA
0002-4138;WANDER ARAUJO SILVA
0002-4139;MARIA DO ROSARIO RAMOS ARAUJO
0002-4140;GIANY DA SILVA TORREZ
0002-4149;ONESIMO NANTES SATLE
0002-4150;MARCELINO CIPRIANO DE SOUZA
0002-4151;JOSE PEREIRA DE BRITO
0002-4152;SIRLENE PEREIRA DA ROCHA
0002-4153;AMANDA MOREIRA DAMEAO PINTO
0002-4157;HERIKA FARIA CASTRO
0002-4167;VICENTE VIRTUOSO ANICETO
0002-4171;DOUGLAS SOARES GOMES MACARIO
0002-4173;GERCIRA ALVES PEREIRA
0002-4176;HAMILTON CUSTODIO DIAS
0002-4178;CID LAZARINO BRAGA
0002-4183;EVALDETE FELICIANO SCARABELI
0002-4185;GRACIANA SOARES RODRIGUES
0002-4188;REINALDO BOTELHO COSTA
0002-4192;MADALENA PEREIRA DE SOUZA
0002-4193;LUCIA MARIA CAETANA
0002-4195;ROMILDA APARECIDA DE LIMA
0002-4203;BRUNO ALCANTARA REIS
0002-4208;CLAUDIA MARA DE OLIVEIRA
0002-4214;JOSE ANTONIO SOARES
0002-4217;REINALDO VILAR DE SOUZA
0002-4218;ANTONIO DO CARMO DA SILVA
0002-4220;ADELINO SILVA DE OLIVEIRA
0002-4221;ANGELITA DE FREITAS OLIVEIRA SOUZA
0002-4223;JOAO BATISTA DA SILVA
0002-4224;KEZIA SOUZA REIS
0002-4226;GERALDO LEITE CARVALHO
0002-4239;CLEMILDA DE SOUZA
0002-4240;MILTON PEDRO CARLOS
0002-4245;ALESSANDRA PEREIRA DO PRADO
0002-4247;PAULO CESAR VIANA
0002-4250;GENERINO ALVES DA SILVA
0002-4255;JUSTINO FERREIRA RIBEIRO
0002-4272;ADAIR CARVALHO AGUILAR
0002-4273;IRANY PRUDENCIO DE SOUZA
0002-4274;LUCINDA SANTANA DA SILVA BRUM
0002-4280;WILTON SOARES DA SILVA
0002-4284;FRANCISCO XAVIER DE ARAUJO
0002-4286;JOSE MILTON FERNANDES MADEIRA
0002-4290;KEILA CRISTINA CANDIDA
0002-4292;NELIO ARAUJO SILVA
0002-4293;LUCIMAR ALVES FERREIRA
0002-4296;ARTINO CUSTODIO DA SILVA
0002-4301;JOSE DOS PRAZERES DE ASSIS
0002-4302;HILDEBRANDO FRANCISCO COSTA
0002-4304;ELEXANDRA PEREIRA DE OLIVEIRA
0002-4305;GERALDO DE SOUZA CARIAS
0002-4308;APARECIDA GRIGATI LOPES
0002-4314;CLOVIS PEREIRA DE MATOS
0002-4318;JOSE DE OLIVEIRA
0002-4321;ENESTRINA ROSA DE JESUS
0002-4338;HUDSON OLIVEIRA COSTA
0002-4344;MANOEL VIANA DOS REIS
0002-4350;MARIA APARECIDA SANTANA DE FREITAS
0002-4354;ANGELO ALVES TEIXEIRA
0002-4358;CARLOS MIRANDA DE ANDRADE
0002-4371;ELIVANIA FERNANDES DE CARVALHO
0002-4374;ANGELO GIUSSEP RONCALLY DE SOUZA
0002-4395;DEUSEDINO IZIDORIO PEREIRA ME
0002-4401;VALQUIRIA SOUZA LOPES 12712549643
0002-4415;TIAGO DE SOUZA OLIVEIRA
0002-4416;PATRICIA NAVARRO DAVID
0002-4420;ONOFRE CAETANO DE SOUZA
0002-4425;OSNILTON PRATES DA COSTA
0002-4432;SABRINA ARAUJO DA SILVA
0002-4437;ROBERTO FERREIRA DE JESUS
0002-4447;ANTONIO EVANGELISTA PINTO
0002-4449;CRISTIANO FABRICIO TEIXEIRA DINIZ
0002-4452;JOSE RODRIGUES DE SOUZA
0002-4457;BARTOLOMEU DE SOUZA LIMA
0002-4459;LEONARDO PEREIRA OLIVEIRA
0002-4460;WENDER ANTES DA COSTA
0002-4474;SALVADOR CARDOSO DA SILVA
0002-4475;HERMITA DA SILVA ME
0002-4484;CLAUDINEI DIAS DA SILVA
0002-4486;SEBASTIAO DA SILVA
0002-4491;JOSE GERALDO DE OLIVEIRA
0002-4497;MAURICIO DIAS DO NASCIMENTO
0002-4502;JESUS GOMES NSACIMENTO
0002-4509;ROSANGELA MARIA CARVALHO NEMESIO
0002-4515;FABIO ALVES PEREIRA
0002-4516;EDSON DE SA
0002-4517;JOSE TITO RAMOS
0002-4518;EVANDRO PEREIRA CIPRIANO
0002-4528;ELIO DA LUZ
0002-4532;ALDEMIRO SOARES
0002-4539;NILSON GONCALVEZ
0002-4543;CLEUSA MARIA FERREIRA
0002-4553;GENITO FIRMINO PERES
0002-4563;SV PENA ME
0002-4577;ELISA LORAH SOUZA DIAS
0002-4581;ONILSON VITOR JUNIOR
0002-4585;LIVIO AUGUSTO PEREIRA SOARES
0002-4586;WINICIUS SOARES OLIVEIRA
0002-4589;DIVINA GONCALVES DE SOUZA
0002-4591;JADIR NETO
0002-4592;ANTONIO ALVES MADEIRA
0002-4593;MARCELO SOARES GABRIEL
0002-4594;WANILDA SOARES DE OLIVEIRA
0002-4596;ANTONIO DE ASSIS MORAIS SOBRINHO
0002-4599;ALISSON ANTONIO ASSIS RAMOS
0002-4601;SANDER CARVALHIDO GASPAR DORNELAS
0002-4612;SERGIO MARTINS SILVA SALES
0002-4621;MARIA LAUDICEIA COSTA SOARES
0002-4623;REGINALDO REIS SOUZA
0002-4650;JOSE MARIA DE LIMA 34739289687
0002-4658;LUIZ FILIPE SILVA AZEVEDO
0002-4663;EVERTON LUCAS BATISTA
0002-4665;LUCAS HENRIQUE SOARES RIBEIRO
0002-4672;GILSON CAETANO DE LIMA
0002-4689;EDVIRSON MENEZES DOS SANTOS
0002-4691;MARCILENE DE PAIVA TAVARES SOARES
0002-4695;EDLAMAR SOARES DE SOUZA
0002-4697;NEI JOSE DE AGUIAR
0002-4698;VANIA APARECIDA SOUZA OLIVEIRA
0002-4699;JULIO CESAR GOMES
0002-4713;VINICIUS RODRIGUES PEREIRA
0002-4714;WASCO JOSE DE CARVALHO
0002-4716;GRACIANA APARECIDA PEREIRA SILVA
0002-4722;MARCIA DE SOUZA ARAUJO
0002-4726;JOSINEI MARCOS GRACIA
0002-4738;MARIA DE LOURDES ALVES CARNEIRO
0002-4750;MAXLANDER MARTINS FERREIRA
0002-4753;LETICIA ULHOA COSTA
0002-4775;SILAS ALVES DA SILVA
0002-4776;PEDRO GONCALVES DA SILVA CARNEIRO
0002-4786;RAFAEL DE MOURA BRANDAO
0002-4788;JANE LINHARES PINTO
0002-4795;TEOPHILO DE ARAUJO
0002-4796;LUCIANO GARCIA NASCIMENTO OLIVEIRA
0002-4797;DANIEL OLIVEIRA PRAXEDES ME
0002-4799;JOAO PAULO DE SOUZA CRUZ
0002-4842;LUDIMILA MOREIRA DOAS SANTOS DIAS
0002-4863;GENITO FIRMINO PERES
0002-4882;ANA PAULA DA COSTA
0002-4893;RAFAEL ELIAS DE ANDRADE 376906660
0002-4895;SANDILA CRISTINA FERREIRA DE SOUZA
0002-4906;ANA DE JESUS DE SOUZA
0002-4909;GUSTAVO GONCALVES VILAS BOAS
0002-4956;MARCIA APARECIDA DE SOUZA M GRANATO
0002-4959;DANIEL FERNANDES TORRES ME
0002-4968;JOAZINA GOMES FERREIRA
0002-4970;DALILA DANUBIA DO PRADO
0002-4976;STENIO RODRIGUES OLIVEIRA
0002-4977;MIRIAN DOS SANTOS
0002-4978;EUGENIA MARIA LOPES
0002-4981;VALTAIR DA CUNHA LOPES
0002-4989;EMANUELE ALVES SANTOS
0002-4993;FABIANO PORTELA BATISTA
0002-4996;MARCO ANTONIO VALADAO LOPES
0002-5001;DANIEL DE OLIVEIRA ALMEIDA
0002-5021;NUBIA SOARES LIMA
0002-5027;ELIEDSON MIRANDA FROTA
0002-5030;LUCAS GUERRA GANDRA FUNCIONARIO
0002-5034;NEIDE DE SA BARROS SILVA
0002-5038;NEUSA DA SILVA ARAUJO CORREA
0002-5042;ALEXANDRA MARIA ROSA
0002-5053;FERNANDA APARECIDA DE SALES
0002-5057;GERALDA BESERRA DE LIMA
0002-5058;ADELMO DOS SANTOS SOUZA
0002-5072;ROGERIO FERREIRA
0002-5081;YAGO GODOI COSTA
0002-5082;MATTHEW PATRICK WALKER
0002-5091;ILZIO COIMBRA DOS SANTOS
0002-5097;FABRICIO CORREA DE SOUZA
0002-5111;HUMBERTO MACHADO DE SOUZA
0002-5120;CLEIDISON MARTINS DE MOURA
0002-5148;TULIO SILVANO MOREIRA
0002-5149;JESUS DAMIAO PEREIRA
0002-5151;RYNARA DO CARMO SOUZA
0002-5154;EDENILTON DA SILVA CUNHA
0002-5167;TASSIO REGGIANI ALMEIDA
0002-5190;MARTA FERNANDES DE SA ANDRADE
0002-5201;MARIA DE LOURDES VIEIRA 00635965631
0002-5205;MARLON CARVALHO SILVA
0002-5207;RAMOM JUNIO SILVA BARBOSA
0002-5208;FILIPE ASSIS DA SILVA
0002-5209;VICTOR PHILLIPE SILVA TULLER
0002-5212;GUILHERME HENRIQUE DOS SANTOS SOUZA
0002-5214;VICENTE QUINTAO
0002-5217;ITAMAR TEODORO DOS REIS
0002-5218;CARLOS RENATO HEGGENDORN
0002-5219;MARCIO ROGER OLIVEIRA SILVA
0002-5220;CLISIA MARIA AMARAL ABREU
0002-5223;ELIETE DE MIRANDA GOMES
0002-5225;MAYKON GOMES SATHLER
0002-5229;HEDIMAR CESAR BORGES
0002-5230;JOSE GERALDO MIRANDA
0002-5231;MARLY GOMES DA SILVA
0002-5232;ELIZANGELA LOPES DE SOUZA
0002-5236;SABRINA MARTINS CAMPOS NASCIMENTO
0002-5240;SIRLANIA MARIA DOS SANTOS CASTRO
0002-5241;MARCELINO MARTINS DE SOUZA
0002-5246;JUERLY ISRAEL DE OLIVEIRA REIS
0002-5250;EMILSON ALVES TURCO
0002-5251;JUSLEIMAR QUEIROZ DE ASSIS
0002-5253;JOSE VIANA
0002-5254;JOAQUIM RIBEIRO DOS SANTOS
0002-5256;IVANI NUNES LOPES
0002-5259;JOAO BATISTA SILVA LUNA
0002-5260;BERENICI G. PEREIRA
0002-5263;PERICLES RAMOS TEIXEIRA
0002-5264;EDIO MARTINS DOS SANTOS
0002-5266;VALDECI RODRIGUES REIS
0002-5268;VALQUIRIA GONCALVES DE ARAUJO
0002-5269;ANTONIO GOMES SOBRINHO
0002-5270;AFONSO FRANCISCO DA SILVA
0002-5271;ELCIO CARLOS DE SOUZA
0002-5273;ITAMAR JOSE DA COSTA
0002-5274;JULIO CESAR DE FARIA
0002-5275;PAULO CASSIANO DA MOTA
0002-5278;ELIZABETE PIRES FERREIRA
0002-5280;MARCIA REGINA DOS SANTOS
0002-5281;JOSE ALVES DE JESUS
0002-5285;HERMES DOS SANTOS FARIA
0002-5287;JOAQUIM SILVESTRE MENDES
0002-5294;PAULO VICENTE DE AQUINO
0002-5295;RHENYA SANGLARD C BERNANDES
0002-5297;THALLES SIQUEIRA LIMA
0002-5299;MARIA DA CONCEICAO S CAMPOS
0002-5300;MARCELO NEVES AMARAL GUERRA
0002-5301;DORANEI DAS GRACAS R CAMPOS
0002-5303;ALLAN RIBEIRO VIANA
0002-5306;JOAO PAULO LUCAS VIEIRA
0002-5309;MARIA NEIDE PEREIRA ORNELAS RODRIGU
0002-5311;DANIELA LIMA LOUREIRO
0002-5312;ELIZAMAR ELER
0002-5313;FERNANDO CANDIDO DE SOUSA
0002-5315;MARIANA MALTA FRANCO
0002-5316;VANILDA MARIA DE JESUS NASCIMENTO
0002-5321;CASTILIANA ALVES
0002-5322;VERA LUCIA DE SOUZA
0002-5324;GILMAR DE PAULA SOUZA
0002-5329;JOSE DA SILVA NICODEMOS
0002-5330;MAURICIO ALVES DE LIMA
0002-5332;OSMAR RODRIGUES DE ARRUDA
0002-5333;ANDERSON LUIZ MACHADO DE ASSIS
0002-5335;CHARLES ALVES GARITO
0002-5336;MARIA ELIZA DA SILVA
0002-5337;HIGO LUCAS RIBEIRO MOREIRA
0002-5339;IRENE KEILA BRETAS DUARTE KEHLER
0002-5342;TULLYANA KASSIA SIRQUEIRA
0002-5346;VIVIANE GOMES DA SILVA CUNHA
0002-5347;LEANDRO TEIXEIRA DA SILVA
0002-5351;ARIANE DANIELE SILVA HOLMANN
0002-5354;ROSILDA SOARES FERREIRA BARBOSA
0002-5355;NAIR LOPES SILVA
0002-5356;WANDERLEI RODRIGUES SANTOS
0002-5357;SALATIEL FRANCO DE OLIVEIRA
0002-5361;CIRLEI VIDAL DA SILVA
0002-5367;ADAIR AGOSTINHO FILHO
0002-5377;VICENTE SABINO JUNIOR
0002-5379;KEYSTONE TEODORO COSTA
0002-5381;SERGIO JOSE DA SILVA
0002-5382;CLAUDIA HELENA SOARES
0002-5383;FABIANO HERINGER AOKI
0002-5384;WESLAINE CRISTINA FERREIRA DE SOUZA
0002-5386;DALILA BARBOSA E SILVA
0002-5387;CRISTIANE DAS AGUAS BANDEIRA
0002-5389;NAYARA CAMPOS DE SOUSA
0002-5390;IZILENE LIMA DE ALMEIDA
0002-5392;GLORIA JUSTINA DE JESUS MARTINS
0002-5394;GUILHERME COSTA SATLER LIMA
0002-5395;WILIAN DIAS DA SILVA
0002-5396;SEBASTIAO DO CARMO LUNA
0002-5397;BRAULIO MOREIRA OLIVEIRA
0002-5399;AGLEISSON DE PAULA TEIXEIRA
0002-5400;VICENTE FERNANDES DE ARAUJO
0002-5401;KESIANE GOMES SILVA RIBEIRO
0002-5403;LUCCAS CASTRO LIMA
0002-5405;LUIZ CLAUDIO ANANIAS
0002-5407;EDMARLON XAVIER DE OLIVEIRA
0002-5410;FERNANDA DA SILVEIRA VAZ ARTIFESTE
0002-5414;FERNANDO FELIX DA SILVA
0002-5416;ELIAS OLIVEIRA BARBOSA
0002-5417;ERICK PATRICK BELIZARIO RODRIGUES
0002-5418;ANNA JULIA RODRIGUES
0002-5427;CLAUDIO ELIAS COSTA
0002-5428;BRIZA EDWIGES OLIVEIRA DE SOUZA
0002-5429;MARLI MOREIRA DE AZEVEDO
0002-5443;MAGNA GERVAZIO DE PAULA MADEIRA
0002-5444;EVERTON DA SILVA DORNELES
0002-5445;LUCIENI APARECIDA DO NASCIMENTO
0002-5448;RODRIGO HENRIQUE MIRANDA
0002-5451;LORENA PERES GONCALVES MOREIRA
0002-5455;ALCIONE DUARTE
0002-5461;LUANA PAULA ALVES VIANA
0002-5462;CASSIO SALES DE ALMEIDA
0002-5465;RONALDO VIEIRA DOS SANTOS
0002-5467;ENI CABRAL DE SOUZA
0002-5468;GERALDO MAGELA DE OLIVEIRA
0002-5472;LINDOMAR ALVES DE ALMEIDA
0002-5476;JOAO RIBEIRO LACERDA
0002-5478;IRENE VEIRA VASCONCELOS
0002-5479;ANA MOREIRA DA CUNHA MARCELINO
0002-5480;JOSE CARLOS DA SILVA
0002-5482;MARIA DO ROSARIO NEVES FERREIRA
0002-5489;WESLEY ALVES DOS SANTOS
0002-5490;HELIO GARIBALDE DE SOUZA
0002-5491;TOMAZ LUIZ MARIANO
0002-5497;NAMIR SOARES24
0002-5501;WENDERSON CARVALHO DE SENA
0002-5504;LEONIDAS JUSTINO DE MORAES32
0002-5505;MARIA DA CONSOLACAO NETTO
0002-5506;JOSE DO CARMO SILVA34
0002-5507;ELZA MELQUIADES DA SILVA
0002-5508;SOLANGE MARIA DRUMOND RAMOS MARTINS
0002-5513;REINALDO BOTELHO COSTA ME
0002-5516;JOAO BATISTA SEGAL DE OLIVEIRA
0002-5520;ORLANDO CALAZANS PEREIRA JUNIOR
0002-5521;FRANCISCO ROMULADO FERREIRA
0002-5527;LUCIA FERREIRA DA SILVA SOUZA
0002-5534;EDLAINE RIBEIRO DE PAULA
0002-5535;ALEXSANDER SILVA
0002-5541;LEILIANE PORFIRIO DE OLIVEIRA ALME
0002-5545;JEFERSON SOARES SANTANA
0002-5546;JOSE TEIXEIRA DE OLIVEIRA
0002-5550;IAGO MENDES GOMES
0002-5553;JOSE MARTINS DA COSTA FILHO
0002-5554;JOAO PAULO BARBOSA PORTELA DORNELES
0002-5558;MARIZETE ALVES DE OLIVEIRA LAGE
0002-5564;MARLENE LUCIA DA SILVA
0002-5567;LAYLA SOUZA ALVES RODRIGUES
0002-5570;JOSE ANTONIO
0002-5571;RAYSSA DOS SANTOS LOPES
0002-5572;AFRANIO TEODORO SILVA
0002-5575;FREDERICO MORAIS ESPESCHIT
0002-5585;HIPOLITO MARCELINO JUNIOR
0002-5591;ORLANDO UKER
0002-5597;GUILHERME DA SILVA XAVIER
0002-5601;MEET HOUSE
0002-5611;DAGNOR VELOCINO
0002-5633;CENTRO ESPORTIVO SHOW DE BOLA
0002-5645;JAIR ROCHA DE ASSIS
0002-5649;TATIANA VASONCELOS CHAVES UTSCH
0002-5653;MILTON MARQUES DE OLIVEIRA
0002-5655;ARTHUR HENRIQUE ALVES MEDEIROS
0002-5657;EDVALDO BARBOSA PEREIRA JUNIOR
0002-5660;LUCAS BARBOSA MAIA JARDIM
0002-5664;AMANDA OLIVEIRA DE SOUZA
0002-5667;ZILMAR DA SILVA BARBOSA
0002-5669;MANOEL RODRIGUES DA SILVA NETO
0002-5671;LUIS FELIPE OLIVEIRA LUZ
0002-5688;ISADORA ALMEIDA LIMA
0002-5689;RUBIA EMANUELE ALVES CRUZ
0002-5697;ALEXSANDRO SILVA DE OLIVEIRA
0002-5716;FUNDACAO SAO FRANCISCO XAVIER
0002-5729;VANDERLEA HENRIQUES VIDAL
0002-5742;TIAGO NUNES BARBOSA
0002-5745;LUCAS DE OLIVEIRA PINTO
0002-5748;WANDERSON LIMA PAULA
0002-5749;JONH RODRIGUES SERGIO
0002-5777;GABRIEL PEREIRA DE CASSIA
0002-5784;RAQUEL FIGUEIREDO PEREIRA
0002-5788;LIVIA RIGUEIRA SOARES CIRINO
0002-5793;EMERSON GONCALVEZ TEIXEIRA JUNIOR
0002-5796;MARIA APARECIDA DE ALMEIDA
0002-5803;GUSTAVO CALIXTO DE SOUZA
0002-5813;ORLANDO CALAZANS
0002-5818;ABRAAO BENI RODRIGUES MARQUES
0002-5828;ALMIR DA SILVA BARBOSA
0002-5832;WALBER JORDAO DA SILVA
0002-5849;MARIA DE LOUDES MACHADO DE ROCHA
0002-5852;LACERDA FURTADO DE PAIVA
0002-5853;RAINIER DE ALMEIDA DIAS
0002-5854;DIEGO SOUZA EURIQUES
0002-5860;MACKENZIE WRATTER DE ASSIS
0002-5861;RAMON PRADO VIEIRA
0002-5874;DALTON SOARES BRAGANCA
0002-5876;FRANCIELE APARECIDA FONSECA SOARES
0002-5887;DIENE GOMES DOS SANTOS
0002-5893;PEDRO HENRINQUE SOUSA RESENDE
0002-5896;HELEM ALECRIM CRUZ
0002-5897;MONIQUE MATOS DE OLIVEIRA
0002-5905;ELIANE BENTO DE MELO
0002-5911;PEDRO HENRIQUE FERREIRA GOES
0002-5914;THALLES HENRIQUE SILVA AZEVEDO MARTINS
0002-5916;DEIMERSON SOARES DE OLIVEIRA
0002-5917;SILAS MARTINS ASSIS
0002-5919;GUILHERME HENRIQUE SILVA SOUZA
0002-5924;STANLEY GOMES MARINHO
0002-5935;LUCAS TEIXEIRA ARANTES
0002-5941;FLAVIANE CARVALHO DA SILVA
0002-5944;TALITA TATIANE GERONIMO DE SOUZA
0002-5946;FRANCOIS MENEZES MARTINS
0002-5955;FREDERICO GUSMAO SANTOS
0002-5961;LORENA MARIA COSTA MIGUEL
0002-5965;AMILAR JOSE RODRIGUES
0002-5973;TERRA DE GIGANTES CLIMB ROCK BAR
0002-5991;TALIS BRUNO VIEIRA RODRIGUES
0002-5993;THAYS CARDOSO DINIZ ABIB
0002-6010;RICARDO AMORIM RODRIGUES
0002-6017;ISRAEL VIANA BICALHO
0002-6022;ALINE OLIVEIRA MORAES
0002-6027;RENATO DUAR ROCHA
0002-6050;WALISSON GONCALVES ROSA
0002-6057;WALLACE ALAIR ALVES VIANA
0002-6075;FLAVIANA PEREIRA DE ARAUJO
0002-6098;TATIANE CRISTINA RIBEIRO ROSA
0002-6114;RODONAVES TRANSP E ENCOMENDAS LTD
0002-6126;ROYAL CLUB UNIPESSOAL LTD
0002-6148;UALACE MARQUES MARTINS
0002-6156;JAIRISON THEILLON LAGE MAFRA 08012494655
0002-6161;ANA MOREIRA DA CUNHA MARCELINO
0002-6195;TULIO JORDAN DA SILVA CORREIA
0002-6200;JORGE LUIZ BATISTA
0002-6209;FILIPE ARAUJO COUTO
0002-6222;JOAO LUIZ RAMOS LOURENCO
0002-6235;ANGELO GIUSSEP RONCALLY DE SOUZA
0002-6240;LOURIVAL VALERIO DE OLIVEIRA
0002-6242;AELTON ANTONIO DE SOUZA
0002-6244;ANITA SILVA
0002-6245;ADRIANO GOMES DA SILVA
0002-6254;EMERSON GOMES PEREIRA
0002-6256;WAGNER FERNANDES RANGEL
0002-6260;PEDRO PAULO CAMPOS BATISTA
0002-6264;BEATRIZ CHIROSA FRANCO DE GODOI
0002-6271;GUILHERME JN MARCOS
0002-6299;LAURA DOS SANTOS MIGUEL
0002-6318;RUTH RAMOS SILVA CALAIS
0002-6325;JOEL DE ASSIS SANTOS
0002-6328;JULIANE ANDRADE CHAVES
0002-6330;ALLEF JUNIO DA SILVA
0002-6338;ANA ROSANGELA MARTINS PACHECO
0002-6353;RAFAEL MOREIRA PEREIRA GOMES CHAMON
0002-6366;JOSE MARIA DA SILVA CARDOSO
0002-6374;WILLIAN DA SILVA MARTINS
0002-6378;MARCIO BATISTA PINA
0002-6393;CLAUDINEY DE ALMEIRA BARBOSA
0002-6397;JOSE MARIA PINTO
0002-6414;SONIA MARA ANICIO DE BRITO
0002-6463;MARCIO MESQUITA FREITAS PERF4EIRA
0002-6478;JAQUES GOMES FELIX
0002-6482;EDUARDO VITOR DE CASTRO
0002-6486;LEANDRO DAS GRACAS COSTA
0002-6488;ADAILTON PEDRO DE FREITAS
0002-6493;MARCOS ROGERIO SATHLER
0002-6541;ANELISE GONCALVES PEREIRA FREIRE
0002-6653;ANTONIO MOREIRA RODRIGUES
0002-6660;E.S. LOPES PRODUCOES
0002-6683;DELCIANE PARADELA VASCONCELOS
0002-6703;ICARO FELIPE FERREIRA
0003-0003;JOSE GRACIANO DE NORMANDIA
0003-0012;ALTINA TOLEDO VILELA
0003-0022;ROGERIO DOMINGOS PIAZA
0003-0023;DEBORA FERREIRA CARVALHO
0003-0026;WALESSON GONCALVES DE CARVALHO
0003-0030;PEDRO FERREIRA MENDES
0003-0032;JOSE NONATO DO NASCIMENTO
0003-0040;MARIA LUCIA DE FATIMA GOMES
0003-0065;MARIA AUXILIADORA ANICIO VIEIRA
0003-0085;CLEBER SEBASTIAO RIBEIRO
0003-0092;ERCILIA MARIA DE SOUZA
0003-0096;JOSE ALVES SAMPAIO
0003-0100;MARGARIDA GOMES DOS REIS
0003-0108;JAIR MARTINS BARBOSA
0003-0112;SAULO PEREIRA VILELA
0003-0115;ELIAS CAETANO FERREIRA
0003-0131;MARIA JOSE ANDRADE
0003-0135;VERA LUCIA TEIXEIRA
0003-0152;MAURA DA SILVEIRA
0003-0157;ANTONIO RODRIGUES NETO
0003-0169;ALZIRA DE OLIVEIRA SILVA
0003-0178;LUCILETE NUNES VIEIRA
0003-0181;ALEMIR DA SILVA COELHO
0003-0184;SINVAL LUIZ PEREIRA
0003-0195;GILMAR PAIVA CAMPOS
0003-0196;MARIA DAS GRACAS DE OLIVEIRA
0003-0210;MARIA DE LOURDES CAMPOS SOUZA
0003-0250;MARIA APARECIDA DA SILVA NEVES
0003-0251;ROSA TEOFILO FLORENTINO
0003-0260;ALCENDINO ASSIS MORAIS
0003-0264;SEBASTIAO ALVARENGA
0003-0274;MARCILENE MARINA VIEIRA
0003-0289;ROSA PEREIRA SOUZA
0003-0290;JOAO DA PAIXAO
0003-0310;EVA MADALENA ARAUJO MACHADO
0003-0320;GERALDO ANGELO RODRIGUES
0003-0333;DALVA MARQUES GOMES
0003-0344;ROGERIA OLIVEIRA MARQUES
0003-0356;GETULIO ROSA
0003-0369;EULAMPIO DE OLIVEIRA ANDRADE
0003-0376;MILTON ALVES
0003-0393;JOAO TEODORO DE ALMEIDA
0003-0395;MARIA APARECIDA COTA ALVERNAZ
0003-0405;JOSE FERNANDO CRISPIM
0003-0407;JOAQUIM JULIAO LOPES
0003-0413;ANTONIO FIORAVANTE BOAVENTURA
0003-0414;RENATO MARTINS DE SOUZA
0003-0435;DOMINGOS JOSE DA COSTA
0003-0439;ANGELA APARECIDA VIEIRA PINTO
0003-0466;ITAMAR RODRIGUES DIAS
0003-0478;J A GENEROS ALIMENTICIOS
0003-0490;HEMERSSON OLIVEIRA MENDES
0003-0498;MARIA EUSTAQUIA DA SILVEIRA
0003-0519;ELAIR LIMA GUERRA
0003-0536;ALEXANDRE MAGNO LOPES DIAS
0003-0547;MILTON MARTINS DE BARROS-ME
0003-0588;ELCIO PROCOPIO CALISTO
0003-0700;GILDECIO DIAS ALVES
0003-0768;ELY JOSE DA COSTA
0003-0796;KELLY DE PAULA SILVA
0003-0808;ROSIANE CARDOSO DA COSTA
0003-1000;JULIO MARIA CORREA HORSTH
0003-1009;WESLEI ROBSON DA SILVA
0003-1037;GLEISON ROBERT OLIVEIRA
0003-1057;EVALDO LAGES BEZERRA
0003-1150;VALERIA PEREIRA LIMA
0003-1162;JOSE BARBOSA LAGE
0003-1206;CARLOS HENRIQUE GOMES CORREA
0003-1279;ROSELE MIRANDA FRAGA
0003-1286;JOSE FERNANDES DE PAIVA
0003-1295;SOLANGE IPOLITO DE ANDRADE
0003-1331;CLAUDIO DA SILVA
0003-1347;CHARLES QUEIROZ DE OLIVEIRA
0003-1370;GIVALDA CONCEICAO LOPES DE OLIVEIRA
0003-1404;SEBASTIAO VITAL FERREIRA FILHO
0003-1408;LUCIANO LELES ANDRADE
0003-1413;MARIA DE FATIMA DA SILVA
0003-1424;ELIAS NASCIMENTO ATAIDE
0003-1431;JOSE PERPETUO
0003-1446;ILDA PERES TOMAZ
0003-1448;MARCIA MARIA LOPES
0003-1451;LUIZ ANTONIO LANA
0003-1474;ELIETE SAMORA DOS SANTOS
0003-1482;GILMAR REGGIANE SILVA DUARTE-ME
0003-1489;ELISANDRA DAS DORES SILVA NASCIMENTO
0003-1495;GERALDO CANUTO ALVES
0003-1502;MARLENE LUIZA COSTA DE CASTRO
0003-1529;JORGE LUIS DA SILVA
0003-1535;DALVA DAS GRACAS PEREIRA
0003-1540;NEIRIELLY ANDREWS ANICIO
0003-1593;REINALDO DOMINGUES DE SOUZA
0003-1607;EDSON BRAGA DA SILVA
0003-1615;CLEYTON ALVES GONDINHO
0003-1617;MARIA CELIA OLIVEIRA DE SOUZA
0003-1620;TAYRONE HENRICH ANSELMO DE ARAUJO
0003-1638;RONILDO MARTINS GUIMARAES
0003-1696;LUCAS CLARINDO SILVA SANTOS
0003-1698;WILIAN BATISTA SEAFIM
0003-1709;ANGELICA SOUZA DA SILVA
0003-1734;JOAQUIM JUNIOR CUNHA DE JESUS
0003-1741;ADAO MOURO
0003-1745;ROBSON ARANTES DA SILVA
0003-1754;LILEIDE PEREIRA DE SOUSA
0003-1781;RENATA DANIELE GOMES MIRANDA
0003-1799;SEBASTIAO AMANCIO DOS REIS
0003-1806;TUDO NA BRASA EIRELLI ME
0003-1827;ALINE JOANA VITAL FERREIRA
0003-1829;ANTONIO DECIO GUIMARAES
0003-1869;ADRIANA CAMPOS VIEIRA
0003-1871;ELIAS JOSE DE CARVALHO
0003-1883;JUSCELIO FERREIRA DE SIQUEIRA
0003-1892;FRANCISCO TEIXEIRA ASSIS
0003-1894;MARIA APARECIDA GODOY
0003-1897;JANDIR DEOSDATO PORTO
0003-1899;ZILDA LEITE ALVES
0003-1900;CARLOS ROBERTO DE CASTRO
0003-1901;HELENA APARECIDA S DE CARVALHO
0003-1937;GLAUDYSON SILVEIRA LAGE
0003-1966;GERALDO MAGELA DE OLIVEIRA 34919740620
0003-1969;ALEX BENTO PEREIRA
0003-1970;LEONARDO OTAVIANO BARBOSA
0003-1979;GEORGINA FATIMA DOS SANTOS
0003-1980;KATIA DUARTE MEIRA
0003-1982;EDSON NERIO DOS SANTOS
0003-2005;DOUGLAS JULIO CARMO SOUZA
0003-2007;JOSE GERALDO GONCALVES CELESTINO
0003-2013;ROSA GERMANDA DE SOUZA
0003-2016;SEBASTIAO GONCALVES SILVA
0003-2027;JAQUES SOUZA LIMA
0003-2028;ANGELO SOARES BATISTA
0003-2029;LUIZ CARLOS TEXEIRA OLIVEIRA
0003-2031;WALFRIDO DE SOUZA BRAGA
0003-2035;NILTON GARCIA
0003-2036;LAUCEMIR VIEIRA RODRIGUES
0003-2038;AGNALDO MARTINS TEIXEIRA
0003-2046;DIRCE MARIA DE JESUS
0003-2060;LUCIANA BERNARDINA FERREIRA
0003-2061;IVONILDE AVELINA SILVA GROSSI
0003-2063;PAULO GABRIEL DOS SANTOS
0003-2066;GIOVANA LUCIEN RODRIGUES ME
0003-2068;SEBASTIANA MARIA NUNES DE MAGALHAES
0003-2085;MESSIAS GOMES DE ARAUJO
0003-2088;JOSE ROBERTO DA PAZ
0003-2089;JESUS SOARES DE SOUZA
0003-2091;ROBSON DE OLIVEIRA
0003-2096;JULIO CESAR DA SILVA
0003-2111;WARLEN MARQUES DE OLIVEIRA JUNIOR
0003-2122;ROBERTO ALVARENGA GONCALVES
0003-2125;ERICA CONSTANTINA SILVA ALMEIDA
0003-2127;EDUARDO DOS SANTOS ESTEVAO
0003-2132;FERNANDO SOUZA DIAS
0003-2133;FRANCISCO GOMES NEVES
0003-2135;VICENTE MARTINS DE BRITO
0003-2137;PAULO ROBERTO MARTINS
0003-2138;MARIA JOSE DE ALMEIDA
0003-2141;DIVINA DAS GRACAS SOUSA RODRIGUES
0003-2147;WULDISON RODRIGUES DA SILVA
0003-2175;MARCELO FERREIRA COSTA
0003-2176;JAQUELINE FERREIRA DA ROCHA
0003-2179;EDSON WAGNER CHERQUI
0003-2184;CRISTIANA APARECIDA ALVES DE FREITAS MEN
0003-2189;FLAVIANE CRISTINA DE SOUZA
0003-2191;SAMUEL JETER FERREIRA
0003-2204;LUISA KARENINA DE BRITO LACERDA
0003-2209;DANIEL AUGUSTO SANTOS BARBOSA ALMEIDA
0003-2210;LUCIANO ANDRADE BRAGANCA
0003-2217;MAYARA CRISTINA VAZ DOS SANTOS
0003-2223;FERNANDA DE SOUZA CASSIANO
0003-2225;ADALBERTO ALVIM
0003-2234;IRANI CANDIDA DA SILVA LIMA
0003-2245;KATHLEEN LAYLA PEREIRA MOTTA
0003-2251;MARCELO ROCHA CAMPOS
0003-2253;WILLIAN DE CASTRO HARTEL
0003-2260;JADIR DOS SANTOS CHAVES
0003-2277;ALISSON PINHEIRO SILVA
0003-2289;WILLIAN APARECIDO DE SA
0003-2292;ADRIANA HELENA NAVEGANTES
0003-2293;JOSE QUERINO DE ALVARENGA
0003-2295;GELZIMAR FRANCISCO GAVA DE OLIVEIRA
0003-2321;AGUSTAVIO ADAMY ROBERTO FERNANDES
0003-2365;HEBERTON GONCALVES DOS SANTOS
0003-2377;MARAYS ASSUNCAO OLIVEIRA DAMAS
0003-2400;RAYSSA KESSIA PEREIRA DA SILVEIRA
0003-2404;JOSE WILSON TRINDADE NEVES
0003-2418;SORAIA SIMONE MORAIS BAHIA
0003-2421;NICIO DE SA GONCALVES
0003-2425;LUCILENE SOUZA SANTOS DE OLIVEIRA
0003-2430;MAIRON CESAR SOUZA DA SILVA
0003-2431;MELINNA YARA MARQUES E MARIANO
0003-2433;RONY MAX SOUSA ALVES
0003-2434;ERIC ATAIDE SOUZA
0003-2436;DIEGO MARADONA ALVES CAMPOS
0003-2442;THAYS INARA MARTINS SOARES
0003-2449;EYDSON FERREIRA LUNA
0003-2453;EDSON MARQUES DE SOUZA
0003-2468;MARCIO SILVA GAUDERETO
0003-2469;JULIO FREITAS GOMES
0003-2475;DANIEL VIEIRA DA SILVA
0003-2498;VALTAIR GETULIO DIAS ALVES
0003-2501;KETLYN STEFANNY MIRANDA DA SILVA
0003-2504;CLAUDENIR ALVES SIQUEIRA
0003-2506;GLORIA APARECIDA DE FREITAS BARRETO
0003-2508;JOSE DO CARMO DAS NEVES
0003-2516;JESSICA APARECIDA DE OLIVEIRA
0003-2519;MARIA DAS GRACAS DE JESUS
0003-2529;GUSTAVO ALMEIDA CAMPOS
0003-2534;DENISSON BENEDITO DE OLIVEIRA
0003-2538;LUIZ PEDRO ANDRADE
0003-2541;MARIA IZA B. DOS SANTOS
0003-2542;MARTA RODRIGUES COELHO
0003-2544;JOSE CARLOS DE OLIVEIRA
0003-2548;JUCELAINE ALVES DIAS
0003-2549;CAROLAYNE MARGARIDA ARRUDA DE MIRA
0003-2550;VICENTE DE OLIVEIRA
0003-2552;MATHEUS FARIAS OLIVEIRA
0003-2554;MARLY GOMES DOS REIS
0003-2557;RODRIGO VIEIRA DA SILVA
0003-2558;ELI PAULO RODRIGUES
0003-2563;ZELIA SILVEIRA LAGE
0003-2564;WILTON ANDRADE COSTA
0003-2565;EDUARDO DE ALMEIDA SEVERO
0003-2568;SELIS CARVALHO DE OLIVEIRA
0003-2569;WARLEY PEREIRA CAMPOS
0003-2570;JUAREZ MARTINS DE ABREU
0003-2571;MARIA ELIDIA VENANCIO
0003-2572;THULIO MAXIMO DE PAULA
0003-2573;LUIZ CARLOS TEIXEIRA OLIVEIRA
0003-2574;REGINALDO DOS SANTOS BARBOSA
0003-2575;ERISON JUNIOR IPOLITO DAMASCENO
0003-2577;ROMILDO MENDES BARROS
0003-2579;KATIA PEREIRA BAHIA IPOLITO
0003-2581;EDERSON CAMPOS LIMA
0003-2582;JORGE EDSON CARVALHO
0003-2584;MARIA NILVANA MARTINS ANDRADE
0003-2588;PAULO NATALINO BARBOSA
0003-2590;IRIS MOREIRA DA SILVA
0003-2592;EMERSON DE CARVALHO BARBOSA
0003-2593;DALVA LOPES DE MOURA
0003-2595;MARILENE LIMA SOUZA ME
0003-2597;ANTONIO JOSE DA SILVA MOREIRA
0003-2600;JAIRSON MAGNO ALVES
0003-2601;CARISTHON HENRIQUE FERNANDES GONCAL
0003-2604;DOUGLAS JULIO CARMO SOUZA
0003-2605;WARLESON GONCALVES DE CARVALHO
0003-2606;GILBERTO GONCALVES PIRES
0003-2608;ROSIMAR DIAS MAGALHAES
0003-2613;HEBERTON GONCALVES DOS SANTOS
0003-2622;SHELSIELE SHERMANE DE SALES SILVA
0003-2628;MARIA APARECIDA DA SILVA LOPES
0003-2629;AGNALDO MARTINS DE ASSIS
0003-2630;AMANDA CRISTINA ALVES DE OLIVEIRA
0003-2631;EVANIO ALVES DOS REIS
0003-2633;PEDRO HENRIQUE MATEUS
0003-2636;MAURO FABIANO CAMILO DOS SANTOS
0003-2638;LUCILENE MARGARIDA GONCALVES
0003-2639;ANDRE LUIS ARTUSO MARTINS
0003-2643;VALERIA BONIFACIO DE SOUSA
0003-2644;DANIEL AUGUSTO SANTOS BARBOSA ALME
0003-2647;ADRIANA GONCALVES SOARES FERREIRA
0003-2649;EDSON DA SILVA
0003-2663;JOEL FERREIRA REIS
0003-2664;CINTIA DARCKIANE FERNANDES NEVES
0003-2666;LUCIANA RODRIGUES
0003-2668;MARIA DA CONCEICAO BERNARDO
0003-2671;CARLOS MAGNO VIEIRA BRITO91
0003-2674;DESIREE ARAUJO QUINTAO
0003-2677;RUBENS ALVES DA SILVEIRA JUNIOR
0003-2678;GABRIEL GARCIA DE ALCANTARA
0003-2681;LEONARDO EVARISTO MOTORISTA
0003-2683;FRANCISCO GOMES NOBRE MOTORISTA
0003-2685;THIAGO ALVES SILVA
0003-2687;FLAVIA OLIVEIRA TORRES
0003-2691;CLEIDIANE OLIVEIRA SILVA
0003-2692;ELIAS MACIEL ARAUJO
0003-2695;ALLYKSON ROCHA GUERRA
0003-2700;KYLLA PEREIRA COSTA
0003-2717;GIOVABE SOUZA COSTA
0003-2727;VIVIANE ARAUJO AGUERO
0003-2740;ADRIELE MARIA FIGUEIREDO LOPES
0003-2741;GLEICE APARECID ERVILHA COSTA
0003-2752;SANDRA REGINA LACERDA BERNADES
0003-2755;VANIA TEODORO RODRIGUES
0003-2756;WELINTON JOSE GOMES DA SILVA
0003-2762;PAULO FERNANDO LANA DE ASSIS
0003-2763;MARIANA DIAS PINTO
0003-2780;SILVIA LETICIA AIRES PINHEIRO
0003-2782;JOUBERT KARPEGGIANE DE OLIVIEIRA
0003-2784;MARCOS VINICIUS SOARES
0003-2785;LEONIDAS DE OLIVEIRA LEITE
0003-2786;LUPERCIO PASCHOAL NEIVA
0003-2787;VICENTE DE PAULA FREITAS
0003-2788;SAMUEL BRAGA MARTINS SILVA
0003-2791;MATEUS SILVA PINHO
0003-2799;EDER LUIZ SOUZA DE GOUVEA
0003-2801;JOISZIARA LOPES DE PAULA
0003-2805;ALLYSSON ROBERTO BARBOSA CARDOSO
0003-2807;VALMES SOARES VIEIRA
0003-2808;LIDIANE FERNANDES ALMEIDA
0003-2809;SAINTIANNE FRANCILA PEREIRA DE SOUZA
0003-2815;JORDANIA PROCORPIO DORNELAS
0003-2826;VALERIA FELICIANA DE SA ALMEIDA
0003-2829;ALAN WILSON MACIEL
0003-2831;WALISSON LUIZ DO AMARAL MADALENA
0003-2842;MICHELLE DE AVILA PACHECO VALENTE
0003-2846;RAPHAEL THALES OLIVEIRA SILVA
0003-2847;EVERALDO DINIZ MELO
0003-2848;JOMAR HENRIQUE SOUZA SANTOS
0003-2860;ALEXANDRA ALVES DOS SANTOS ALVARENGA
0003-2862;PRISCILLA MADER GOMES
0003-2863;SAMUEL EDUARDO DE SOUZA REIS
0003-2864;ISABELLA DE SOUZA CABRAL
0003-2866;ANTONIA SOARES LOIOLA MAGALHAES
0003-2890;VALDECI PEREIRA FERNANDES
0003-2891;CLAUDINARIA CRISTINA SOARES
0003-2900;LUANNA DEODATO BESERRA
0003-2908;LEONIDAS WENNER DE SOUZA E SILVA
0003-2909;MARIA EDUARDA DOS SANTOS VITORINO
0003-2911;ANDREY DOUGLAS SILVA FREITAS MARTINS
0003-2912;JUNIO HENRIQUE DE PAIVA SOUZA
0003-2919;MICHAEL MARTINS DE MIRANDA
0003-2920;SABRINA MAGALHAES MARTINS
0003-2922;HENRIQUE PACHECO VALENTE
0003-2926;POLLIANA DE JESUS PEREIRA
0003-2931;HENRIQUE ESTEVAO DE ARAUJO
0003-2933;JOAO DEODATO DA SILVA
0003-2938;GLAUCIA DAINE NUNES
0003-2939;REINALDO FUNCIONARIO
0003-2955;LEANDRO DE MELLO CUNHA
0003-2957;ALINE CRISTINA ALVES GANDRA
0003-2960;GERALDO MAGELA RODRIGUES
0003-2965;SEBASTIAO PEREIRA DA ROCHA
0003-2966;ANA PAULA DE ASSIS
0003-2974;WASHINGTON HENRIQUE DE JESUS SILVA
0003-2985;FRAILER RAFAEL SOUSA ROCHA
0003-2997;GLEYCIANA MOREIRA DE SA
0003-3002;ADALBERTO VITORINO TEODORO
0003-3004;DIEGO HENRIQUE SANTOS MENEZES
0003-3006;MAGNO QUEIROZ DO NASCIMENTO
0003-3009;MARCONE EVARISTO MARQUES
0003-3010;KEYTIANE PEREIRA DA SILVA
0003-3014;THIAGO GOMES DE OLIVEIRA
0003-3015;GEOVANI BHERINQ RODRIQUES
0003-3017;HILTON SILVESTRE MOREIRA
0003-3018;VICTORIO SCARPAT JUNIOR 81162626615
0003-3026;GABRIEL MARTINS FERNANDES
0003-3029;RAYANE KIVINY DE MELO SA MATOS
0003-3031;RODRIGO LANA DOMINGUES
0003-3039;GABRIEL REIS SOARES DA CUNHA
0003-3041;PEDRO HENRIQUE DE SOUZA GOMES
0003-3049;ERLI PAULINO DE SOUZA
0003-3061;IVANILDE ALVES BARBOSA SILVEIRA
0003-3073;CELSO MARTINS DE LIMA
0003-3075;MARIA GABRIELA PIRES DIAS
0003-3078;JHONATAN FELIX TAVARES DE SOUZA
0003-3079;SANDRA BENEDITA FELIPE
0003-3083;RENI DE SA LIZARDO
0003-3085;LUCIANE CAMPOS DUARTE
0003-3087;JOAO ANICETO PATROCINIO
0003-3088;ORDEM DOS ADVOGADOS DO BRASIL SECAO
0003-3092;ALDEMIR SOARES
0003-3093;JOSIANE FAUSTINO HIBENE BARBOSA CASA DE 
0003-3094;GLEIDSON DORNELAS SILVA(FUNCIONARIO)
0003-3096;W.AUDIO SONORIZACAO E PRODUCAO
0003-3101;DALVA APARECIDA SILVEIRA FARIA
0003-3109;GERALDO ROGERIO BRAGA
0003-3118;MARCILENE VENCESLAU TORRES
0003-3119;RONILDO PEREIRA DA SILVA
0003-3124;RAMOM ZAGNOLI SILVA
0003-3130;MARIA HELENA DE PAULA FERREIRA
0003-3132;KELIANE MARIA DE ANDRADE
0003-3134;RAFAEL EMILIO VIEIRA DA SILVA
0003-3136;KAIKY SABINO ROCHA
0003-3138;CAROLINE DE MATOS SANTANA
0003-3141;LUIS CARLOS AMBROSIO DA SILVA
0003-3143;MARLON ARAUJO EMILIO
0003-3144;JORGIMAR CARDOSO OLIVEIRA
0003-3146;GUILHERME IZIDORO SENA
0003-3147;MARIANA FERREIRA CAMPOS
0003-3162;DAVID ALVES DE ARAUJO
0003-3163;FERNANDO BRUSCHE
0003-3174;MARIA APARECIDA MENDES DE PAULA
0003-3175;IRACEMA SEBASTIANA ANDRADE
0003-3178;JOAO VICTOR ARANTES
0003-3182;NUBIA FERNANDA AUGUSTA DE ASSIS
0003-3206;TAYNARA BATISTA DE OLIVEIRA
0003-3207;MICAEL ALMEIDA ASSIS
0003-3216;FERNANDO VITOR OTACIANO
0003-3221;MOISES PINHEIRO DE FREITAS MENDONCA
0003-3226;CHARLES ALVES DE ANDRADE COELHO
0003-3228;MARCELO SANTOS COSTA
0003-3233;PATRICIA DE ALMEIDA PATRICIO
0003-3240;CLEBER VILELA PEREIRA
0003-3245;NAIARA SIQUEIRA LOPES FONSECA
0003-3247;MARCONE DIMAS DA SILVEIRA
0003-3248;JOYCE RAMALHO ALVES
0003-3249;ANDREZZA JORDANI SANTOS SILVA
0003-3252;JOAO PAULO FRANCA GOMES
0003-3277;JULIO LEONEL BARBOSA
0003-3278;RAYLLANDER MARQUES NASCIMENTO
0003-3284;MARIA ANUNCIACAO COSTA MOREIRA
0003-3288;GILDEBRANDO CLEYTON SOARES
0003-3290;CREUZA GOMES DA SILVA
0003-3294;SARAH ANDRADE PINHEIRO RODRIGUES
0003-3295;TAYNARA LAGE MIRANDA
0003-3297;JOSE EVALDO DIAS
0003-3298;ALANE CAROLINE MELO MORAIS
0003-3303;ALEXANDER MARTINS SIQUEIRA
0003-3305;ALEXANDER GONZAGA DOS SANTOS
0003-3306;TAYRONE FREITAS SANTOS
0003-3315;NILVA ALBINA DA SILVA
0003-3317;CARVALHO E ASSIS CONSTRUTORA E INCORPORA
0003-3318;JUNIOR REIS MESSIAS
0003-3321;BRUNO FELIX FERREIRA DA SILVA
0003-3322;NUBIA FRANCO FERREIRA
0003-3324;GABRIELA OHONNA FERREIRA REIS
0003-3336;MAYCON DOUGLAS FREITAS DA SILVA
0004-0007;ROGERIO SOARES DE FREITAS
0004-0032;CLAUDIO DINIZ ABREU
0004-0036;MARQUES INACIO DE OLIVEIRA
0004-0058;CELES GOMES DE OLIVEIRA
0004-0091;GERALDO ANIBAL DE MIRANDA
0004-0104;ANTOR GOMES
0004-0112;MAQUICELIO COELHO PINTO
0004-0113;DEVAIR SOARES BOTELHO
0004-0117;PALMERINDO CINTRA HERINGER
0004-0120;SUELI APARECIDA FLORES SANTIAGO
0004-0121;CARMINDO CESARIO DA CUNHA
0004-0122;GERALDO MAGELA CAETANO
0004-0123;JOAO CARLOS LACERDA
0004-0137;GEOVANI JOSE LOPES
0004-0142;IVO LOPES MACHADO
0004-0147;CARLOS LUCIO RODRIGUES
0004-0153;MARIA DAS GRACAS ALGARIDA NEVES
0004-0171;LUIZA DIAS DE CASTRO
0004-0195;LILIANE PASCOALINE DO NASC
0004-0196;BENEVIRDES BERNARDO DA SILVA
0004-0197;SUELY DOS REIS NASCIMENTO SILVA
0004-0200;GETULIO GUILHERMINO DA COSTA
0004-0201;JUVENIL IMIDIO DE SOUZA
0004-0204;JOSE CUSTODIO DUTRA
0004-0206;ONAIR LUIZ VIANA
0004-0207;PAULO NUNES DE OLIVEIRA
0004-0211;GERALDO ELIAS DE OLIVEIRA
0004-0213;NIVALDO BATISTA DA COSTA
0004-0229;JOSE ADAO DE SOUZA
0004-0234;REINALDO BOAVENTURA LOPES
0004-0249;MARIA BEATRIZ DE OLIVEIRA
0004-0258;ANA LUCIA DE OLIVEIRA SILVA
0004-0259;MARILZA FERREIRA SALES GOMES
0004-0260;SANTINA APARECIDA DA SILVA
0004-0265;SEBASTIAO FLORES DE CRISTO
0004-0279;AROLDO TEIXEIRA
0004-0285;MARIA APARECIDA DE OLIVEIRA BAG
0004-0293;SEBASTIAO PEDRO FERREIRA
0004-0304;SIRLENE DE MEDEIROS ME
0004-0316;J C ALMEIDA
0004-0362;EDSON DA SILVA COSTA
0004-0395;UANDERSON OLIVEIRA SILVA
0004-0435;RENATO GONCALVES PEREIRA
0004-0442;HELIO LUIZ DE SA
0004-0444;GERALDO CARLOS PINTO
0004-0448;JOSE TARSILIO GOMES
0004-0466;CATIA RAMOS JACINTO
0004-0488;VICENTE DE PAULA BARBOSA
0004-0494;MARINA RODRIGUES FERREIRA
0004-0501;AROLDO AUGUSTO DA SILVA
0004-0600;ROBERTO SILVERIO DE ARAUJO
0004-0632;LEONIDAS JOSE DAS NEVES
0004-0643;ROGERIO VIEIRA LIMA
0004-0738;JOSELIA ALVES MATOS
0004-0763;MARIA IZABELLA ALVES PEREIRA
0004-0811;ALEXSANDRE CAETANO DOS PASSOS ROSA
0004-0814;CRISTINA DE LOURDES FERREIRA
0004-0875;WALDIR HERMENEGILDO CAITANO
0004-0877;CARLOS RORA DE AQUINO ME
0004-0904;EDSON RODRIGO DOS S BERNARDO
0004-0923;ENIR DE ASSIS FREITAS
0004-0956;MARIA APARECIDA FAGUNDES
0004-1061;ELISANGELA LABELLA
0004-1111;MARIA LUCIA DA SILVA BEBIANO
0004-1114;RONALDO LUZIA DUARTE 73683809604
0004-1116;AFONSO LIANO DAMASIO
0004-1120;VARANDAO FREITAS ME
0004-1149;FRANCISCO PIMENTEL SOUZA
0004-1150;DANIELA APARECIDA MIRANDA FREITAS
0004-1153;JOSE CLAUDIO PEDROSA DA SILVA
0004-1154;ROBSON ALVES MARTINS
0004-1155;JOEL HENRIQUE DE JESUS
0004-1157;GERCINA NEVES RAMOS MOREIRA
0004-1175;NEUCIMAR MARIA DE FREITAS DIAS GOMES
0004-1176;EDSON RODRIGUES DA SILVA
0004-1182;ANDRE AUGUSTO MARTINS
0004-1226;HERMILTON VICENTE DOS SANTOS
0004-1232;JOSE ANTONIO LOPES DE FARIA
0004-1248;ENIO GERMANO SOUSA
0004-1256;ADMILSON LOPES PEREIRA
0004-1305;ANA CAROLINA PECANHA DE OLIVEIRA
0004-1309;JULIANA CLARA DE JESUS
0004-1311;SEBASTIAO CONRADO LOPES
0004-1313;MARIA RODRIGUES DOS SANTOS
0004-1314;LUCIMAR RODRIGUES SILVA
0004-1320;WANDELLA CORREIA FERNANDES
0004-1325;RONNYS MULLER DA SILVA FREITAS
0004-1329;MARTA DE CARVALHO E SILVA BARBOSA
0004-1330;JERX BOUTIQUE DE CARNE
0004-1332;CARLOS HENRIQUE FRADE PAIXAO
0004-1335;ALESSANDRA MARIA DE OLIVEIRA SOARES
0004-1339;LILIANE MIRANDA COSTA
0004-1340;GIULIA RODRIGUES DA SILVA
0004-1341;NEUZA MARIA DA SILVA
0004-1382;CLARISSA CALAIS GOMES
0004-1399;SAULO CIMINI NETO EIRELLI
0004-1416;WERISON RODRIGUES SOARES
0004-1418;SILVANA LOPES DE FREITAS
0004-1438;VINDS BOULEVARD
0004-1467;AMANDA BATISTA DE SOUZA
0004-1487;SUELI DE CARVALHO
0004-1493;WAGNER LISBOA BARBOSA
0004-1496;PAULO DIAS DE ALMEIDA JUNIOR
0004-1523;GIULIA RODRIGUES DA SILVA
0004-1541;ELIZANGELA APARECIDA DE ABREU
0004-1564;CASSIA RODRIGUES CAMPER
0004-1573;PRISCILA LOPES DE PAULA VALENTE
0004-1574;LUCAS GOMES DE SOUZA
0004-1579;SIDNEY VERLY DA SILV
0004-1587;RODRIGO DA SILVA LIMA
0004-1588;JOSE ANTONIO LOPES
0004-1594;CARLOS ARCANGELO DIAS DE SOUZA
0004-1611;HENRIQUE RODRIGUES GARDONI
0004-1614;RAFAEL DE PAULA ROCHA
0004-1628;CAMILA NASCIMENTO MACHADO
0004-1631;LUCIANO DE PAULA DIAS
0004-1636;GUILHERME RASPANTE CAMPOS
0004-1658;MOISES MIRANDA CORREA DE LIMA
0004-1663;YURI MARQUES MIRANDA
0004-1670;JOSE ANTONIO ALVES GUSMAO
0004-1685;LUCAS NUNES VIEIRA
0004-1704;EDUARDO MARTINS DE OLIVEIRA BRAGA
0005-0002;JESUS DE SOUZA CANDEIA
0005-0026;FABIO LUCAS BATISTA
0005-0029;JOSE VALTENCILIO DO NASCIMENTO
0005-0055;MODESTO ISABEL CONCEICAO
0005-0059;ELIZANGELA PEREIRA DOS SANTOS
0005-0065;JOSE LOPES SOBRINHO
0005-0067;SEBASTIAO PINHEIRO EVAGELISTA
0005-0068;JOSE GUILHERME DE SOUZA
0005-0076;ANTONIO CARLOS DE OLIVEIRA
0005-0086;GUIOMAR MARIA CIRINO
0005-0109;NILTON NASCIMENTO
0005-0116;JOSE CUSTODIO DA CRUZ
0005-0146;JOSE GERALDO CLAUDINO
0005-0152;JOAO ALVES ELIAS
0005-0153;MARINETE DE OLIVEIRA
0005-0155;ROMILDA DA SILVA MARTINS
0005-0184;NILTON DE ASSIS MORAIS
0005-0213;MARTA VIEIRA DE SOUZA
0005-0224;VIRGILIO MARCIANO DE ABREU
0005-0227;CLEINIVALDO RODRIGO
0005-0246;WILSON DE OLIVEIRA
0005-0268;COOPERATIVA AGAPE MASSAS E SABORES
0005-0293;MARIA MADALENA FERREIRA SEVERINO-ME
0005-0318;ANTONIO BENEDITO DE SOUZA
0005-0319;MARIA ONECIA CAVALCANTE LEAL
0005-0326;NIVALDO DOS SANTOS
0005-0340;JOSE GERALDO DE LIMA
0005-0342;IDEUZA OLIVEIRA BARBOSA REIS
0005-0449;CASSIA APARECIDA DA CRUZ
0005-0497;ROGERIO PEREIRA DA SILVA
0005-0499;VIRGINIA JULIO DE ARAUJO
0005-0514;GUILHERME AMERICANO LINHARES ME
0005-0681;ISAEL MARTINS FERREIRA
0005-0715;JOAQUIM JACINTO NETTO
0005-0745;LENISSE MIGUEL FERREIRA DE PAULA
0005-0805;ADENISE DE OLIVEIRA CIRINO SILVA
0005-0847;ASSOC DOS APOSENTADOS E PENSIONISTA DE T
0005-0909;ANA PATROCINIO FERREIRA DA SILVA
0005-0912;LIRIO ECIO VENTURA
0005-0964;DAINY GODOY MARQUES
0005-0978;EMERSON ADRIANO RIBEIRO
0005-0980;MARCELO MACHADO DE OLIVEIRA
0005-0983;RONILSON RIBEIRO DOS SANTOS
0005-0996;ALBERTO RODRIGUES CALDEIRA
0005-1030;TERESINHA PARECIDA DE OLIVEIRA
0005-1031;MARCIA DA CRUZ CAETANO
0005-1091;WILSON GOMES ROCHA
0005-1138;ADILSON SANTOS SILVA
0005-1141;EDNEY GUIMARAES
0005-1144;LUIZ GUSTAVO FERREIRA LEITE E PAULA
0005-1170;MARIA GERALDA GABRIEL
0005-1191;JOAQUIM JUVENAL DA MATA
0005-1192;SILVANIR DE SOUZA CAMPOS JUNIOR
0005-1197;WILLIAN SERGIO DE CARVALHO FREITAS
0005-1208;EDMILSON FELIPE SANTIAGO
0005-1209;SEBASTIAO DO CARMO FERREIRA
0005-1210;ALEXANDRO ANTONIO DE MORAIS
0005-1219;JOAO PAULO DAMASCENO LIMA
0005-1220;ROBERTO DE CASTRO
0005-1221;VALDECI DE OLIVEIRA SOUSA
0005-1222;VANIA DE SOUZA FERNANDES FREITAS
0005-1223;MARIA ANTONIA DE JESUS
0005-1234;EDNEY GUIMARAES
0005-1245;OLERINA FERREIRA DE SOUZA SANTOS
0005-1246;MARIA DAS GRACAS DA SILVA
0005-1247;RAIMARA SILVA NUNES
0005-1248;ANGELO MARCOS RIBEIRO
0005-1254;JOSE OZANAM GOULART
0005-1257;WAGNER ANTONIO DUARTE CABRAL
0005-1258;JOSE MACARIO DA COSTA
0005-1260;MARIA DA CONCEICAO APARECIDA COELHO
0005-1271;SHIRLEY MARIA PORCHERI
0005-1272;THIAGO COSTA SILVA
0005-1286;ROMERO ALVES DA SILVA
0005-1291;EVERALDO HERMES BOTELHO
0005-1295;ANTONIO JOSE ALVES
0005-1304;NICOLI BRIGIDA FRAGA MARTINS
0005-1318;KARLA MARIA DE AZEVEDO MAGRI ME
0005-1322;JOSE DO NASCIMENTO EUZEBIO
0005-1323;VICENTE ALVES DE OLIVEIRA
0005-1325;ILDA DE PAULA SILVA PENTEADO
0005-1326;ACIR DE ASSIS PAIVA
0005-1327;MARLY APARECIDA
0005-1329;ERALDO DIAS DE ARRUDA
0005-1338;JANDER WILLIAM DOS REIS
0005-1345;SUELENE CAMPOS MARIANO
0005-1346;FABIANE RAMOS MOREIRA SILVA
0005-1363;ANA MARIA LIMA TOMAZ
0005-1368;GEORGE SANTOS OLIVEIRA - FUNC
0005-1385;RODRIGO DA SILVA LANA
0005-1402;LOJA MACONICA ACACIA DE ACESITA
0005-1416;SAIMEEN SUELLEN ANDRADE PAULA
0005-1430;WESLEY AMORIN KNUP
0005-1442;CAIQUE SILVA BARBOSA
0005-1443;MARCONE DE CASTRO GOMES MOTRISTA
0005-1470;DEBORA JANE SOUZA
0005-1471;REINALDO ONOFRE DE OLIVEIRA
0005-1475;IAGO FERREIRA DE MELO REGGIANI
0005-1476;CLAUDIO PROCOPIO DE OLIVEIRA
0005-1477;DON PATRICIO BRUDER BAR
0005-1478;DIEGO FERNANDES COSTA
0005-1480;RAFAEL QUINTAO GOMES
0005-1483;CARLA CRISTINE CARVALHO
0005-1494;GABRIEL HENRIQUE LANA MELO
0005-1504;CLAUDIO PROCOPIO DE OLIVEIRA
0005-1507;JUACY VIEIRA DOS ANJOS
0005-1509;RENATA MARIA DE SOUZA FERNANDES SILVA
0005-1510;ALYSSON AUGUSTO VALADARES
0005-1513;RODRIGO GOMES DE CARVALHO
0005-1517;DILSON GONCALVES MAIA
0005-1518;LUCAS PAIVA CRUZ
0005-1521;DEILOR WILKER FERNANDES RAMOS
0005-1522;ALEXLEY SILVA QUEIROGA
0005-1528;MAURO SOARES DA SILVA
0005-1529;LUCAS DIAS DE SOUZA
0005-1531;FELIPE JORGE SILVA GUIMARAES
0005-1550;WALTER DA SILVA DE OLIVEIRA
0005-1556;SIDNEY PEREIRA DOS SANTOS
0005-1564;JOSE CARLOS MONTEIRO
0005-1565;ALBERTINO LUIZ
0005-1567;ANTONIO ROMAO DOS SANTOS
0005-1568;AMARILDA DA SILVA
0005-1571;ANTONIO CARLOS DA ROCHA
0005-1574;THAINARA KAROLINE DIAS MONTEIRO
0005-1575;SANDRA MARILIA BARROS OLIVEIRA
0005-1578;JOAO VITOR BARBOSA DOS SANTOS FIAL
0005-1582;ELCY ALVES BITENCOURT
0005-1584;NAIR HENRIQUES VIDAL
0005-1586;MARIA MARTA DOS ANJOS
0005-1587;GAB CARVALHO ARAUJO
0005-1588;WILK FERNANDO MOREIRA
0005-1592;GENOEFA TEIXEIRA FAIOLI SILVA
0005-1594;FABIANA BITENCOURT DE OLIVEIRA
0005-1597;RONILDO RODRIGUES DE CARVALHO
0005-1598;ALVARENGA MATIAS SILVEIRA
0005-1600;MARIA LUCIA DA PAIXAO
0005-1607;LUDISSEIA RODRIGUES MOTTA VIEIRA
0005-1610;HELOISA HELENA LAZARINO OZORIO
0005-1612;DANIELLE NAYANE VESPASIANO
0005-1613;LEILA CRISTINA FERNANDES SOUSA
0005-1615;RHAIANDER FERREIRA MARQUES
0005-1618;ROBERTO CUSTODIO DE MIRANDA
0005-1620;DAVI MARIA MACHADO
0005-1621;THIAGO TOMAZ DE ALMEIDA
0005-1622;SAMIR CORDEIRO MARTINS
0005-1623;RAQUEL CRISTINA DE OLIVEIRA
0005-1624;MAXUEL SILVA DE AGUIAR
0005-1626;EDUARDO CABRAL MUZZI
0005-1627;NATTALIA VIRGINIA GOMES QUAREMA DA
0005-1629;GERALDO ARAUJO MARQUES
0005-1630;MOGLIANO MOURA DE AQUINO
0005-1631;MARCIA DUELLI LOPES DE SOUZA
0005-1636;APARECIDA DIAS MARTINS
0005-1637;RENATA CRUZ ALVES
0005-1639;HIPOLITO ISAAC PAPALINO
0005-1640;NADIA DOS SANTOS DIAS
0005-1648;JURACY VIEIRA DOS ANJOS
0005-1650;SANDILA VASCONCELOS PORFINO
0005-1651;WALDEMIR LELES DA SILVA
0005-1661;CARINA DOS SANTOS ARAUJO103
0005-1663;ANGELA MARIA LIZARDO BARROS E SILV
0005-1664;ANA LUIZA SILVA ROCHA
0005-1665;MARIA DE LOURDES LETRO DE BRITO
0005-1669;LETICIA RIBEIRO DE PAULA
0005-1674;ALEX LUCIO DAS NEVES
0005-1675;ELZA ASSIS VASCONCELOS MENEZES
0005-1677;RILDO BOAVENTURA LINO
0005-1680;JULIO CESAR LIMA
0005-1684;CAMILA DA SILVA ANDRADRE
0005-1687;RONALDO SILVEIRA PEREIRA
0005-1689;ANA LUISA VIEIRA DE CARVALHO
0005-1691;LLABILA VAZ LOUREIRO
0005-1692;GEISOMARA LUILA DE FREITAS
0005-1712;JULIANA ALVES FERREIRA
0005-1715;JOAO PAULO LOPES ALVES
0005-1717;ANTONIO CARLOS DA ROCHA
0005-1724;MARIO CELSO BAPTISTA
0005-1726;JEFERSON GUTIERRE ALVES DE SOUZA
0005-1730;NICHOLAS SILVA NUNES
0005-1748;GISELLE ALMEIDA REIS
0005-1749;ERICA ALINE SILVEIRA ALMEIDA
0005-1754;REGIANE ALVES DA CRUZ
0005-1763;JHEFERSON ASSIS RODRIGUES
0005-1766;CLAUDIO DE OLIVEIRA SANTOS
0005-1768;WILSON DE OLIVEIRA JUNIOR
0005-1774;LUCINER FLORES FERREIRASILVA
0005-1777;CLAUDIOMIR CARVALHO DAMASCENO
0005-1778;JANIO MOREIRA DE ASSIS
0005-1780;SUELEN DOS SANTOS OLIVEIRA
0005-1782;EDUARDO CESAR SILVA GUIMARAES
0005-1784;ANA LUIZA MAGALHAES SILVA
0005-1820;LUCAS SANTOS DE ARAUJO
0005-1847;VANESSA GOMES RIBEIRO MAGALHAES
0005-1851;WALDER ALBERT DO COUTO
0005-1873;GABRIELA VALERIANA LOPES
0005-1882;VICTORIA LUIZA OLIVEIRA FERREIRA D SOUZA
0005-1883;SILVIA VAZ BERNADES
0005-1896;FREDERICO FERREIRA LANA LUZIA
0005-1897;DANNY DE OLIVEIRA GOMES SANTANA
0005-1907;RODRIGO DE ASSIS HORTA
0005-1910;THAIS RAYANE DA SILVA NONATO
0005-1914;MARCIO GUILHERME MATIAS FAGUNDES
0005-1917;LARISSA SALAZAR FERREIRA SANTOS
0005-1934;DECIO FERNANDES COSTA
0005-1946;JULIANO MESQUITA DE ARAUJO
0005-1950;WESTERLY FERREIRA REIS
0005-1958;ROMERO ALVES FERREIRA
0005-1959;NEWTON DE MORAES BARROS JUNIOR
0005-1961;FIRMINO DA SILVEIRA E SILVA
0005-1963;JOYCE CRISTINA DE SOUZA ARAUJO MARTINS
0005-1964;NAIARA ARANTES SOUZA DE CASTRO
0005-1971;DEBORA
0005-1976;KEYLA BRAGA LOUREIRO
0005-1977;ARTHUR ANDRADE LANA
0005-1978;MAYRON ALEX SILVA OLIVEIRA
0005-1980;AGNALDO SIRLEY SILVA
0005-1985;WAGSMAR SILVA GONCALVES
0005-1988;DEBORA ALLYNE SOARES VALERIANO SOUZA
0005-1990;ROMANI EVARISTO VIEIRA
0005-1991;JEFERSON ROLDAN LIMA GOMES
0005-1992;LEANDRO PEDRA OLIVEIRA
0005-1993;ALEX DOS SANTOS SOUZA
0005-1995;CRISTINA SOUZA ALMEIDA
0005-1996;ANDERSON BRUNO DA SILVA
0005-2002;LUCINEIA MORAIS ALVES DA COSTA
0005-2012;JEFERSON ROLDAN LIMA GOMES
0005-2014;JR PNEUS TIMOTEO
0005-2026;ELZA CRISTINA RODRIGUES SILVA
0005-2027;ANA PAULA RAMOS DOS SANTOS
0005-2028;NEDSON COUTO DOS SANTOS
0005-2030;JR PNEUS - TEOFILO
0005-2032;MARCO ANTONIO DEBORTOLI DUELI
0005-2033;HELIDA CRISTINA DE ASSIS
0005-2037;GUILHERME COELHO MORAIS
0005-2044;KAUA HENRIQUE SANTOS DA SILVA
0005-2046;EDER AMAURI SILVA PINTO
0005-2048;DANIEL SOUZA ALMEIDA
0005-2060;THAMYRES EMANUELLY DORENELAS VARGAS
0005-2063;ERLAM GOMES TEIXEIRA
0005-2070;JULIANO APARECIDO ROCHA VIEIRA
0005-2091;FREDERICO MARTINS COSTA
0005-2110;WILLES JOSE PESSOA NEVES
0005-2131;ELVIS TAYLON DE SOUZA
0005-2137;CARLOS HENRIQUE OLIVEIRA ALENCAR
0005-2163;JHONATAN BARBOSA SANTOS
0005-2164;NAIARA APARECIDA RODRIGUES ROQUE
0005-2173;RAYANE LIMA MARTINS
0005-2177;GUSTAVO CRISTYAN DA SILVA MALTA
0005-2181;FELIPE SOARES MAGALHAES
0005-2182;THIAGO DIAS OLIVEIRA
0006-0012;ANA MARIA CARVALHO MOREIRA
0006-0016;EDIONE LUISA DA SILVA
0006-0069;DENI AVELINO DE CASTRO
0006-0149;VALCINEIA DORNELAS GONCALVES MONTEIRO
0006-0152;ETRO ONIBENI ME
0006-0184;JOSE MARQUES DE AGUIAR FILHO
0006-0245;GERSONIRA VAZ BERTHOLACE
0006-0304;MARIA APARECIDA PINHEIRO GONCALVES
0006-0306;JORGE ANTONIO AMORIM
0006-0307;MARIA LUISA DE SOUZA
0006-0308;JOSE ALICIO DA SILVA
0006-0309;MARIA DAS GRACAS PEREIRA
0006-0310;MARIA CLICI RODRIGUES VENTURA
0006-0311;DULCINEIA MELO DA SILVA
0006-0313;CESALPINA LOPES DA SILVA LACERDA
0006-0314;MARIA JOSE DA SILVA BARBOSA
0006-0316;KEILA RODRIGUES
0006-0317;ANA MARIA APARECIDA DONATO FABRICANTE
0006-0325;ALEXANDER DO PRADO ALVARENGA
0006-0326;ANA ELISE AREDES SOUZA
0006-0386;CLEBERSON SOUZA RIBEIRO
0006-0391;CARINA DA SILVA RIBEIRO
0006-0399;MANOEL AUGUSTO GOMES
0006-0409;SINAIR DE FATIMA CARNEIRO
0006-0410;MILA JESUS DE CARVALHO
0006-0411;MARCIO HENRIQUE RUBIO VIEIRA
0006-0414;EULANI CLAUDIANO MARTINS
0006-0420;CLAUDIO LUCIO DOS SANTOS
0006-0421;DIEGO HERMENEGILDO DE OLIVEIRA TAVARES
0006-0434;RAFAEL SOUZA RIBEIRO
0006-0448;LARAYSE ENI TEIXEIRA
0006-0460;CARANGOLA CAMPESTRE CLUBE
0006-0486;JOSE CARLOS CANTARINO
0006-0495;ARTUR ANGELO COSTA MOREIRA
0006-0541;MAHRCELLO ADEL OLIVEIRA SAIGE
0006-0551;VINICIUS HENRIQUE MENDES COSTA
0006-0560;LUCAS FERRAZ PENA
0006-0564;CLARA FERREIRA MACHADO
0007-0022;GRIMALDO ANTUNES DE CARVALHO FILHO
0007-0024;JOSE ZINE NETTO
0007-0043;JOSE SILVERIO DA ROCHA
0007-0057;FABIANO MARQUES
0007-0060;CUSTODIO ALVES DA SILVA
0007-0064;VICENTINA MARIA BERNARDES
0007-0068;MARGARETE CAETANO DE SOUZA
0007-0069;NEWTON BELONATO
0007-0075;CARLOS ROBERTO CRUZ XAVIER
0007-0076;DANIEL FERNANDES ALVES
0007-0090;ANTONIO VIEIRA DE SOUZA
0007-0126;JOSE DIVINO DA SILVA
0007-0210;ABILIO MARQUES DA SILVA
0007-0221;GETULIO RODRIGUES PAIVA
0007-0234;G. C. BREDER
0007-0277;JESSE FARIA DA COSTA
0007-0360;ESTEVAO DORNELAS NETO
0007-0364;NERLI KLEN
0007-0481;JOAO SOARES DA SILVA
0007-0552;ZENOBIO PIMENTEL BARBOSA
0007-0600;RONALDO AUGUSTINO SOARES
0007-0613;VALDECIO FAGUNDES DA SILVA
0007-0623;CLAUDIO ROBERTO CERGUEIRO ME
0007-0641;IVANETE DE CARVALHO FREITAS
0007-0672;FRANCISCO BRAZ MENDES
0007-0778;MAURICIO PEDRO DA SILVA
0007-0827;LEYDIANNE DA SILVA SANTOS MARIA
0007-0883;CATARINA ALVES DA COSTA
0007-0890;ALESSANDRA OLIVEIRA DE ALBEQUERQUE
0007-0892;ALVINA CANDIDA DE OLIVEIRA SANTOS
0007-0903;GENTIL CASSIMIRO FERREIRA
0007-0917;ALEXANDRE ROBERTO HOTE
0007-0935;IGOR DE SOUZA ROCHA
0007-0949;PAULO SOARES DIAS
0007-0952;JOSE ALVES CERQUEIRA
0007-0966;DANILO DE ABREU SOARES
0007-0973;JOSE MARIA ELIAS
0007-0974;CARLA AUGUSTA GOMES
0007-0976;DALVA GOMES DA SILVA-ME
0007-1006;RONALD SOARES BRANDAO
0007-1007;WELITON DE CALDAS RODRIGUES
0007-1032;VAGNER ANTONIO GOMES BRANDAO
0007-1069;LUIZ KLEIN ME
0007-1071;ROBSON DE OLIVEIRA JUNIOR
0007-1137;KELLY CRISTINA BARBOSA DE OLIVEIRA
0007-1146;FABIANO GAMA DUTRA
0007-1168;GERALDO OLIVEIRA DUTRA
0007-1181;MARIA APARECIDA DE SOUZA NOLASCO
0007-1315;PAULO ANTONIO PERIGOLO ME
0007-1328;BARBARA PEREIRA NUNES
0007-1384;VANDERLINO MARTINS DE OLIVEIRA
0007-1385;DAVI FERREIRA DA SILVA
0007-1388;BRUNO JOSE RIBEIRO
0007-1398;GLAUCINEI FOCHAT
0007-1399;R DORNELAS GUSMAO ME
0007-1401;JULIANA LIMA DE SOUZA
0007-1436;LANDERSON ZINE HERINGER LOPES
0007-1438;MILLENE CAMPOS MUNIZ
0007-1513;FABIANO VINICIUS FARIA DE FREITAS
0007-1542;LUIS FERNANDO BENTO
0007-1543;MICAEL BATISTA LOPES
0007-1569;GLABIO MARQUES CUPERTINO
0007-1596;MARIO EMILIO TEIXEIRA JUNIOR
0007-1606;RONALDO VIEIRA GOMES
0007-1617;ALEXANDRE MARTINS OLIVEIRA
0007-1622;ELAINE REIS SOUA
0007-1625;VICENTE DE PAULA FERNANDES 00258414677
0007-1626;RAFAEL TOLEDO MALAQUIAS
0007-1629;ROGERIO HONORIO DO AMARAL
0007-1630;MARCELO CERQUEIRA DE SOUZA
0007-1643;TIAGO HENRIQUE DA PAIXAO
0007-1645;EZEQUIEL ROBERTO DE ALMEIDA
0007-1657;EUZEBIO JOSE DE OLIVEIRA MOREIRA
0007-1662;ANDRESA BASTOS FLORES
0007-1663;WILSON PEREIRA MENDES
0007-1664;JOSUE TEIXIERA DE SIQUEIRA
0007-1671;THALLES SILVA NUNES
0007-1682;THIAGO RIBEIRO DAS VIRGENS
0007-1685;JEAN DE SOUZA
0007-1688;GUILHERME AUGUSTO SANTOS SILVA
0007-1707;JAQUELINE AQUILA ARAUJO DA SILVA
0007-1709;ANDREIA VENANCIO NOVAES
0007-1713;MATEUS FELIPE ALVES DE SOUZA
0007-1715;SINVALDO AGOSTINHA DA CONCEICAO DE MELO 
0007-1716;PATRICH ROSA DA FONSECA
0007-1717;OSMAR ELIAS DA SILVA
0007-1720;ADRIANO RIBEIRO DA CRUZ
0007-1731;ADAO CUSTODIO MARTINS RAMOS
0007-1744;GUILHERME LACERDA GOULART
0007-1745;MARIA DE LURDES BRACKS ROFRIGUES
0007-1752;UDEMBERG JUNIO PIMENTEL DE OLIVEIRA
0007-1772;LUCIO BARBOSA PEREIRA
0007-1783;PEDRO HENRIQUE DUTRA CAMPOS
0007-1785;LUCAS FERREIRA DOS SANTOS
0007-1796;WANDERSON DE ARAUJO DUTRA
0007-1812;ANA CLARA GOMES DE AZEVEDO
0007-1822;RENATA MIRANDA KLEN DA SILVA 07372586674
0007-1823;RAFAEL LOPES BERCOT AFONSO
0007-1825;ADAO CESARIO DE SOUZA
0007-1834;BRENO PAIVA CRUZ
0007-1842;EWERTHON MAX BARROS DE CASTRO
0007-1843;PEDRO VEIRA
0007-1849;MATHEUS DA COSTA E SILVA
0007-1851;MARLLON JESUE DE LIMA ANDRADE
0007-1857;DEIVID JUNIOR GOMES
0007-1859;OLIVEIRA RODRIGUES NETO
0007-1872;MAURICIO PEREIRA DE FREITAS
0007-1879;DELCIO DA SILVA NOVAIS JUNIOR
0007-1883;JOAO PEDRO DUTRA TOBIAS
0007-1896;SOLANGE DE OLIVEIRA CERQUEIRA
0007-1897;DEBORA BARBOSA DA SILVA ALMEIDA
0007-1898;CAUAN HENRIQUE RODRIGUES PEREIRA
0007-1899;RAFAELA EUGENIA SILVA
0007-1902;ANDREW WALLES BARBOSA
0007-1904;ISABELLA ZEFERINA LANGAME BALBINO
0007-1909;NATHALIA KELLEN FERNANDES DE FREITAS
0007-1915;VANDA LUCIA SATHLER LIMA
0007-1916;BEATRIZ ALVES DE SOUZA
0007-1925;OSMAR JOSE COELHO.
0007-1930;ANTONIO CARLOS FAUSTO DE CARVALHO
0007-1933;WILLIAN LEANDRO BALBINO
0007-1936;LUCAS GUALBERTO FERREIRA
0007-1938;BELCHIOR VANTUIL SOUZA SILVA
0007-1953;RICARDO OLIVEIRA ALTOE
0007-1954;JONATHAN LIMA BRANDAO
0007-1964;ROGERIO JOSE LEITE
0007-1984;ROMILDO
0007-1989;FABIANO DIAS
0007-1991;DANIEL
0007-1992;CLEURIAN CRISTINA DA SILVA MEIRA
0007-1993;VANESSA CAROLINI DA SILVA FREITAS
0007-2003;JULIANA ALVES FLORINDO
0007-2005;JOEL BRANDAO VELOSO
0007-2006;DENILSON APARECIDO BARBOSA FERREIRA
0007-2018;MARCINHO
0007-2031;MATEUS DO CARMO FLORES
0007-2036;SAVIO GONCALVES DE OLIVEIRA
0007-2038;AUGUSTO ALVES DIAS
0008-0009;CLEUSIMAR LOPES DA SILVA
0008-0010;MANOEL JOSE VIDAL
0008-0012;ARTUR CARLOS MIRANDA
0008-0013;JOVELINO LIBREGINO DE LIMA
0008-0018;ANTONIO RAMOS DA COSTA
0008-0021;MARTA MARIA VERLIDE AGUIAR
0008-0022;CELESTE MARIA GONCALVES
0008-0023;NELY AMORIM DA SILVA
0008-0029;LEONOR DAS GRACAS RIBEIRO
0008-0031;PAULO SERGIO DA FONSECA
0008-0037;ANTONIO CELIO DIAS CARVALHO
0008-0040;JOAQUIM DE PAIVA CONDE
0008-0048;ANTONIO DE PADUA FURTADO
0008-0064;FABIO DE OLIVEIRA BRANDAO
0008-0075;VALTER LUIS SILVA
0008-0078;ALAIDES DE MELO JUNIOR
0008-0082;MARCIO DE OLIVEIRA MORAES
0008-0086;MARIA DA PENHA CUNHA MIRANDA
0008-0088;BELARINA CORTES DE OLIVEIRA
0008-0090;CIRLEI MARTINS SEVERIANO
0008-0092;NELMA AMORIM DE OLIVEIRA
0008-0100;VICENTE DE PAULA CESAR
0008-0101;IZAURIA CATRINCK
0008-0112;JOSE MARIA MAGESTE
0008-0115;MAUSSENIAS GOMES DE AMORIM
0008-0118;RAIMUNDO ALVES DE AZEVEDO
0008-0264;SIDINEIA EMERICK OLIVEIRA ME
0008-0325;CARLA SANTOS PACHECO ME
0008-0449;JOAO LUI BATISTA FREIRE
0008-0450;JORGE LUI RANGEL
0008-0451;GUSTAVO RIBEIRO FONSECA
0008-0453;MAARA CANDIDO DE SOUZA
0008-0454;LEVINDO JONAS KER
0008-0527;WILSON TULER BOATO
0008-0528;JONER MORAES FREITAS
0008-0530;RENATA BATISTA DA SILVA
0008-0532;EMANOEL PAULO DE OLIVEIRA
0008-0578;KAIO DE SOUZA KNUPP
0008-0586;ANA MARIA BASTOS SOARES
0008-0591;JULIO MARIA DE ALBUQUERQUE FILHO
0008-0595;JONIVALDO DA APARECIDA KNUPP
0009-0017;VANDER LUIZ ALVES GIVISIEZ
0009-0027;PAULO MONTEIRO SOARES
0009-0134;CARMO ROBERTO PEREIRA
0009-0135;WALACE ROSA ANDRADE
0009-0137;GILDECIO LUCIO DA SILVA ME
0009-0138;PATRICK VIEIRA GOMES
0009-0139;DULCINEIA PEREIRA TIBURCIO VIEIRA
0009-0140;FABIOLA APARECIDA ROSA DE FREITAS
0009-0171;ANDERSON FILGUEIRAS CUNHA
0009-0174;ROSENIL JACINTO
0009-0219;AGATHA FIALHO FUMIA
0009-0243;RICARDO DA ROSA OLIVEIRA
0009-0259;ITAMAR VIANA FROSSARD
0009-0260;HINDIANARA FIGUEIREDO ALMEIDA
0010-0006;GENTIL PINTO DE PAULA
0010-0007;JOAQUIM CORDEIRO MIRANDA
0010-0010;SEBASTIAO HONORIO
0010-0020;ELIANA NASCIMENTO DOS SANTOS
0010-0022;MARIA HELENA VIANA DE MIRANDA
0010-0025;MARIA SOARES DE JESUS
0010-0037;MARIA DA SILVA CRUZ
0010-0052;ROBERTO FELIX DA CRUZ
0010-0075;ANTONIO MARIO PEREIRA DOS SANTOS
0010-0080;ARQUIMEDES SOARES COELHO
0010-0085;ELCY LUIZA DE AGUIAR
0010-0101;SEBASTIAO ANICETO DE SOUZA
0010-0103;ALTAMIRO CANDIDO DA SILVA
0010-0107;JOSE PEREIRA DE SOUZA
0010-0112;MARIA ROSA DE PAULA
0010-0119;NAIR MARIA DE JESUS
0010-0136;JOSE GERONIMO MATIAS
0010-0140;JOSE LUIZ DA LUZ RAMOS
0010-0141;MARIA HELENA LAGE
0010-0152;MARIA JOSE FLORES DE OLIVEIRA
0010-0254;MARIA DA CONCEICAO SILVA
0010-0294;FRANCISCO DE ASSIS LOPES
0010-0301;LIDIANE SOUZA FELIX
0010-0356;JANAINA CRISTINA DE OLIVEIRA
0010-0387;ELISIO ARCANJO MIRANDA
0010-0401;ELIZABETHE ANSELMO BALBINO GERONIMO
0010-0405;MAURA ESTELA CARDOSO FIRME
0010-0411;NAYARA BARBOSA FERNANDES
0010-0413;MAGNO IZIDIO DOS SANTOS
0010-0414;MARIA INES TORRES DE SA
0010-0415;JOSE SEVERINO DE SOUZA
0010-0418;ADIANE BERTHOLDO DOS SANTOS
0010-0419;ISMAR AZEVEDO
0010-0420;GIRLANE DA SILVA
0010-0421;MARLETE DA SILVA REIS FERREIRA
0010-0424;REINALDO ROSADO DA SILVA
0010-0427;ELZA SEMIAO DOS SANTOS ROSA
0010-0428;LUCIA DE SOUZA RAMOS
0010-0429;JOSE CUSTODIO DOS SANTOS
0010-0432;BILLY WANDERSON NANTES
0010-0434;ANDRE DA SILVA BENICIO
0010-0436;ISMAR LACERDA DE SOUZA
0010-0443;CLEIDIANE MARIA DA SILVA
0010-0445;JANETE RODRIGUES DA SILVA
0010-0458;ADINALDO MIRANDA PEREIRA
0010-0459;DANIEL VALADARES
0010-0460;FRANCISCO DE ALMEIDA E SILVA
0010-0462;JOSE GONCALVES LIMA
0010-0466;FRANSCISCO MOREIRA MUNIZ
0010-0470;CLAUDIO KRATZ
0010-0472;ROGELIO DE SOUZA BONIFACIO
0010-0481;LUIZ CARLOS ESTEVAO
0010-0485;MARIA PERPETUA DE ALMEIDA
0010-0490;MARLENE TERESA DE SA MARCAL
0010-0496;TEREZINHA DE JESUS NAZARE
0010-0523;GILBERTO LIMA VILELA
0010-0533;ELIALB DA SILVA CANDIDO
0010-0546;EDI PEREIRA LAGE
0010-0552;EDIVAN ANDRADE MEDEIROS
0010-0554;ELIANE CAMPOS ALVES
0010-0555;JOAO VIEIRA NEVES
0010-0556;LUIZ CARLOS DA CONCEICAO
0010-0559;MOZARTE FRANKLIN NANTES
0010-0566;CARMELITA IZABEL DE GODOI
0010-0568;JOELIZIANO LUZIA ALVES
0010-0569;DENIZIA MARIA DE SENA
0010-0573;JOSE GERALDO DE OLIVEIRA111
0010-0585;GEOVANE GOMES MAMEDES
0010-0599;CINTIA DE CASSIA FERREIRA
0010-0600;WALDINEY MAXIMO LEANDRO DOS SANTOS
0010-0606;ROSILAINE FELIPE RAMOS SILVA
0010-0611;USLANIA PATRICIA DE GODOI
0010-0621;MIRIAN JOSANA VIEIRA CHAVES
0010-0625;LUCIMAR BATISTA DE SOUZA
0010-0629;RONALDO VIEIRA DA SILVA
0010-0636;PEDRO HIGOR CARVALHO LAGE
0010-0650;WANDERSON MARTINS DOS SANTOS
0010-0666;CLAUDIMUNDO GODIM DA SILVA
0010-0703;JOSE DO CARMO PEREIRA
0010-0705;JEFERSON PEREIRA CHAVES
0011-0003;ADILSON GONCALVES DE ALMEIDA
0011-0005;JOSE NOGUEIRA DE ALMEIDA
0011-0012;MARIA FERREIRA DA CRUZ ANDRADE
0011-0019;JOSE DAS GRACAS RODRIGUES
0011-0042;MARIA NOEMIA CARDOSO
0011-0044;ENELI LUCILIA SILVA CANDIDO
0011-0045;JOAO FERNANDES FILHO ME
0011-0063;MARCALIA SOFIA GOMES DOS REIS
0011-0075;MARIA STELA ALVES
0011-0082;JOSE RIBEIRO DE SOUZA
0011-0083;ODMILSON PEREIRA DE SOUZA
0011-0099;REGINALDO DE SOUZA MACIEL
0011-0100;ROBERTO CARLOS DE ALMEIDA
0011-0108;NAZIRA GARCIA
0011-0110;ANDERSON MOREIRA MENEZES
0011-0153;CLODOALDO FERREIRA DE ARAUJO
0011-0155;DANIELA MACHADO SOUZA
0011-0176;MIGUEL ROSA DE SOUZA
0011-0232;NELI DE OLIVEIRA COSTA SILVA
0011-0379;CARLOS ALEXANDRE NASCIMENTO
0011-0383;GESCY MARIA GONCALVES LINO
0011-0405;MARCELIA MARTA SOUZA ABREU
0011-0412;RONALDO INACIO SEVERINO
0011-0425;JOAO BATISTA LOPES
0011-0430;PATRICIA ROSA ALVES GOMES
0011-0431;ELIZABETE MARIA DA SILVA FERREIRA
0011-0435;LAUDICEIA GOMES BARBOSA ALMEIDA
0011-0441;MARLENE SPINDOLA
0011-0456;SILVANA DA SILVA FERREIRA
0011-0457;PQULINO XAVIER DE BARROS
0011-0459;DARCI PEREIRA NEVES
0011-0472;IRIS CLAUDIA NASCIMENTO
0011-0473;WELINGTON JOSE TEIXEIRA
0011-0503;ANTONIO BENEDITO DA SILVA
0011-0506;JOSE ROMILDO PERAZIO
0011-0520;PAULO HENRIQUE AREDES SILVA
0011-0526;CELIO REIS FAUSTINO
0011-0527;JULIO MARIA FINAMORE
0011-0528;ROGERIO GOMES DE SOUZA
0011-0529;WEVERTON GONCALVES OLIVEIRA
0011-0530;JOEL PROCOPIO DO NASCIMENTO
0011-0533;JOSE ROMILDO PERAZIO
0011-0536;LUCAS DE SOUZA FARIA
0011-0537;ANTONIO SANTANA
0011-0541;AMILTON GUSTAVO SILVA GOMES
0011-0550;JHULY PRISCILA ALVES GANDRA
0011-0556;PRISCILA CRISTINA DE OLIVEIRA PROFETA
0011-0563;GERALDA MANGELA PEREIRA
0011-0609;ADILSON DE SOUZA MARTINS
0011-0612;SEBASTIAO MOREIRA MACHADO
0011-0620;LUAN KENTONY DE SOUZA MORAIS
0011-0633;JOAO PEDRO DE MELO PRIMO
0011-0651;FERNANDO ALVES SILVA
0012-0009;REGINALDO DE PAIVA SANTANA
0012-0015;JOSE ALEXANDRE DA CRUZ
0012-0023;JOSE EDUARDO DE FREITAS
0012-0029;SEBASTIANA DE PAULA TEIXEIRA
0012-0030;MANOEL LUIZ DE CASTRO
0012-0036;GABRIELA MARTINS DIAS MENDES
0012-0037;GIL GERALDO OSORIO
0012-0038;JAIR JOSE RODRIGUES
0012-0050;GERSON BARBOSA DE OLIVEIRA
0012-0058;JOSE GERALDO CARLOS
0012-0065;ANTONIO JOAO DE OLIVEIRA
0012-0080;RAMOS DE SOUZA ARAUJO
0012-0133;JANICE CRISTINA DIAS
0012-0222;JOSE DO AMARAL BARROZO
0012-0223;JOSE LUIZ MENDES
0012-0225;MARILUCI DA COSTA PEREIRA
0012-0227;MARIA JOSE VIEIRA DA SILVA
0012-0228;ROMARIO VANDERLEI SILVA
0012-0229;EMILIO HENRIQUE DE OLIVEIRA ASSIS
0012-0257;RODRIGO PEDROSA DA SILVA ARAUJO
0012-0258;EDILAINE MARIA RIBEIRO SILVA
0012-0272;KEILA DORNELAS BARBOSA
0012-0285;MAXIMIANO DA SILVA
0012-0293;SEBASTIAO CAMILO DE LIMA GOMES
0012-0325;JOSE WILSON DELFIM DE ARAUJO
0012-0351;RICARDO DA CRUZ SANTOS
0013-0010;ELIZABETE DE SOUZA VIEIRA
0013-0018;IZABEL CRISTINA REGLY KENUPP
0013-0021;FRANCISCO ARMELINDO CORREIA
0013-0022;JOANA GUILHERME XAVIER
0013-0025;CRISTIANO SOARES PEREIRA
0013-0029;DIVINO OLEGARIO DA SILVA
0013-0053;NAISSES BATISTA DE OLIVEIRA
0013-0058;ALAIR RAMOS DA COSTA
0013-0073;ROQUE CAETANO DE SOUZA
0013-0079;FLAVIO CAMILO DA SILVA
0013-0109;JOAO RAIMUNDO NETO
0013-0114;ROSIMAN CAMPOS DA ROCHA
0013-0119;TELMO PEREIRA LOUBACK
0013-0124;EVALDO AMARO DE SOUZA
0013-0130;JOAO BATISTA LACERDA
0013-0162;ALDIZA MARIA DE FREITAS SOBRINHO
0013-0214;VICTOR RODRIGUES DE SOUZA
0013-0218;ADAISE DUTRA
0013-0219;LUCIENE DA SILVA MARTINS
0013-0220;ISAIAS JOSE DE SOUZA
0013-0222;HELIO DE SOUZA
0013-0223;WILLIAN DE OLIVEIRA
0013-0224;JORGE FERREIRA BATISTA
0013-0227;GENEC MAURO DO COUTO
0013-0229;CLAUDIA GABRIELA NUNES MATOS AGUIAR
0013-0230;TATIANA DA SILVA
0013-0270;FABRIZIO JOSE MAGALHAES GONCALVES
0013-0291;JOSE MARIA BRASIL
0013-0295;KACIO HENRIQUE RIBEIRO
0013-0336;THIAGO HUBNER DE FREITAS
0013-0379;RENAN ANDRADE SILVA
0013-0387;WILLIAN FLAVIANO DE AMORIM
0013-0395;FABRICIO ZOPPE LIMA
0014-0003;MARLUS DE SOUZA MARTINS
0014-0006;ANTONIO RODRIGUES PORTES
0014-0017;ELZIM GOMES DA SILVA
0014-0021;NATAL SOCRATES VIDAL
0014-0049;MARIA JOSE MAGALHAES DE LIMA
0014-0059;JAQUELINE FERNANDES FERREIRA
0014-0066;PEDRO TEIXEIRA DE OLIVEIRA
0014-0202;SILVIO V CORREA FILHO
0014-0203;THOMAS EFERINO BRANDAO
0014-0204;HELIO JOSE PIRES
0014-0214;NORA NEY DE MORAIS BORGES
0014-0234;MAGNO RODRIGUES DE OLVEIRA JUNIOR
0014-0247;PAULO ANTONIO FERNANDES
0014-0300;JANINA NEVES BOMFIM GONCALVES
0014-0312;VINICIUS RODRIGUES DE OLIVEIRA
0014-0319;LETICIA MOREIRA DE MORAIS
0014-0324;DANIELLE GOMES HIBINER
0014-0327;JULIANA DE CARVALHO RIBEIRO
0014-0328;EVANDRO DIAS GOMES CAMPOS
0015-0001;WILSON MARTINS DE PAIVA
0015-0003;JOSE GERALDO BARBOSA
0015-0004;NELSON MOREIRA
0015-0024;HONORINA PEREIRA DOS SANTOS
0015-0029;ELIANE FERNANDES SILVA MOREIR
0015-0039;MARIA DA GLORIA RIBEIRO
0015-0045;EUZELI DIAS MOREIRA SOUZA
0015-0077;ANTONIO FERNANDES DA COSTA
0015-0111;EVERALDO AMARAL SANTOS
0015-0156;APARECIDA NUNES DE SOUZA ME
0015-0186;MARIA APARECIDA DE OLIVEIRA
0015-0195;EDER MACHADO LIMA
0015-0199;CLOTARIO PEREIRA DA CUNHA JUNIOR
0015-0200;SEBASTIAO DOMINGOS DA COSTA
0015-0201;MILER MARTINS DA SILVA
0015-0202;GILMAR DA SILVA GONCALVES
0015-0203;FRANCIELY VIEIRA DA SILVA
0015-0212;ONOFRE SEB DE SOUZA
0015-0218;KETHLEN KAMILA ALMEIDA NASCIMENTO AMRAL 
0016-0014;JUVENAL DA SILVA
0016-0023;VERA LUCIA DE ARAUJO
0016-0024;WANDER BATISTA DA CRUZ
0016-0025;IRANI MARCELINO RIBEIRO
0016-0045;ENILSON EVANGELISTA DE SOUZA
0016-0046;JOSE FRANCISCO DE SOUSA
0016-0048;ONOFRE SOARES
0016-0181;OSMIR SOARES
0016-0182;ANTERO PEREIRA DA SILVA
0016-0183;LEANDRO HENRIQUE DA CONCEICAO RODRIGUES 
0016-0228;JOSE CARLOS DA SILVA
0017-0012;VALDETY BARBOSA
0017-0013;IVANEIDE RODRIGUES PEREIRA
0017-0018;AMADEU DE PAULA VIANA
0017-0020;SEBASTIAO ROCHA
0017-0031;ADILSON DA SILVA THOMAS
0017-0075;MARIA CALIXTO DOS REIS
0017-0077;DEUCY DUARTE SALES
0017-0146;MARIA LUCILENE GERMANIA
0017-0167;ROBSON CREMENTINO DE OLIVEIRA
0017-0186;FA LIMA ME
0017-0193;EVERTON LUIS DE CARVALHO AMARAL
0017-0215;JOSE DE PRADO IZIDORO
0017-0225;ANTONIO IVAN MARTINS
0017-0226;SAMARA CRISIANE FERREIRA RIBEIRO
0018-0009;GELCILEIA FRAUCHES
0018-0014;MARLI TULLER
0018-0027;WAGNER XAVIER DE LACERDA
0018-0039;ALAYR FRAUCHES
0018-0046;HELENA DA GLORIA FIGUEIRA BITENCOUR
0018-0082;IRINEIA MARIA GOMES
0018-0086;DARCI BARBOSA
0018-0093;NILZA FIGUEIRA DA FARIA
0018-0094;TAIENE VICOSA CARLOS
0018-0111;JUAREZ LUIZ SILVA ME SD
0018-0148;VINICIUS TEIXEIRA DUARTE
0018-0231;JOSE ANTONIO TULLER ME
0018-0232;ESIO LOUSADA ME
0018-0233;FELIPE ALTIVO CHAMBELA
0018-0234;DINALDO MORETE
0018-0236;CRISTIANO ANDRE GAL DOS REIS
0018-0237;ANTONIO GECENIR RUIVO RODRIGUES
0018-0238;ADAO SOARES DE OLIVEIRA
0018-0244;CRISTIANO DO CARMO DA SILVA ME
0018-0271;LEANDRO GOMES NOGUEIRA
0018-0275;ALEXANDRE RODRIGUES DIAS
0018-0282;RENATO AMORIM RIBEIRO
0018-0283;WILLIAN DOS SANTOS DE ARAUJO
0018-0313;TAINARA LOPES VIANA
0018-0329;MARCIO NEVES
0018-0337;EMILLY REIS VIANNA
0018-0380;BELA PLUS VESTUARIO
0018-0392;MARILEIA EVARISTO VIEIRA MORAIS
0019-0002;MARLENE ALVES FERREIRA XAVIER
0019-0007;MILTON ALVES FERREIRA
0019-0019;JOSE DONATO DA SILVA FILHO
0019-0042;ANA GERALDA DA SILVA PARENTE
0019-0069;JOSE FERREIRA DE CASTRO
0019-0103;MARIA DE FATIMA DE LOURDES
0019-0162;ALTAMIRO IZIDORO DA SILVA
0019-0179;ADRIANO ESTOLE DA COSTA ASSIS
0019-0181;ALIPIO FERREIRA TOSATO
0019-0186;ELIAS OLIVEIRA SILVA
0019-0194;FRANCISCO ORLANDO MACHADO
0019-0196;C L BOMFIM
0019-0197;JOSE LONZILLOTE DA SILVA
0019-0207;GILBERTO DE OLIVEIRA BARROS
0019-0236;EDNA BEATRIZ PEDROSA DE OLIVEIRA
0020-0018;JOSE CANDIDO DA SILVA
0020-0186;SIDNEI ANDRADE MOREIRA
0020-0187;JOSE MARIA FERREIRA
0020-0200;EDILSON GONCALVES BENTO
0020-0216;VALDOMIRO JULIO DA SILVA
0021-0054;JOSE DO CARMO DIAS
0021-0140;JOSE BRITO DOS SANTOS
0021-0146;JOSE C MARQUES ME
0021-0163;GERALDO ANTONIO EUSTAQUIO
0021-0208;EZONILSON SIQUEIRA DE OLIVEIRA
0021-0209;APARECIDA MARIA GONZAGA VIEIRA
0021-0210;VANDERLEIA VALENTINA DE ASSIS
0021-0211;DISLENE DO CARMO FARIAS
0021-0212;MARCINY MARTINS PEREIRA
0021-0213;LEIDIANE HORTA MARTINS
0022-0013;JOSE RAIMUNDO FILHO
0022-0133;EPEDITO FAUSTINO DA COSTA
0022-0134;GERALDO LUDOVINO PESSOA
0022-0147;ELISAMA COSTA SOBREIRA
0022-0148;UBIRANY DOS REIS RIBEIRO
0022-0162;EDMUNDO GOMES DE SOUZA
0023-0004;EDIMILSON JOSE DE MORAES
0023-0007;JOAO BATISTA BRAS
0023-0011;MARILZA ERMESDORF DE OLIVEIRA
0023-0016;JOSE PAULO DE SOUZA
0023-0019;MARCIO LUIZ BARBOSA
0023-0021;MARCOS DOMINGOS DE FREITAS
0023-0069;AGEU LUCAS BREDER
0023-0081;HELMA LOUBACK ALVES ME
0023-0091;MARCELO ANTONIO DA SILVA
0023-0096;EDMILSON PEDRO DE OLIVEIRA
0023-0098;HERMES LOUBACK ALVES
0023-0121;FABIANA DE SOUSA GALDINO
0023-0144;MAIQUE ESQUERDO DE SOUSA
0023-0154;ADIL BITENCOURT MOL FILHO
0023-0156;MARILZA GOMES DE ALMEIDA
0023-0168;WALLACE MODESTO DA SILVA
0024-0002;ADEMEILSON ROSA ME
0024-0019;EDELCIO DE AREDES
0024-0020;DARCI BATISTA DA COSTA
0024-0029;MARIA GOMES DA CUNHA OLIVEIRA
0024-0033;MANOEL SEVERIANO PATRICIO
0024-0051;WILSON FERNANDES DE OLIVEIRA
0024-0071;ERLI AREDES DE OLIVEIRA
0024-0132;ADILES DE BARROS
0024-0176;CARLA LORENA BOTELHO
0024-0177;RICARDO FREITAS DA SILVA
0024-0179;KESLEY HOLF SOUZA
0024-0185;ADERINO PERON DA SILVA
0024-0202;ADREN ANGELO DOS SANTOS
0025-0016;PAULINO PEDRO PINTO
0025-0020;CONCEICAO VITORINO FRAIDEVOX
0025-0028;NEUZA FILOMENA DE FUCIO
0025-0135;ALEXSANDRA MARIA DE OLIVEIRA ALVARENGA
0025-0147;GERALDO ALVES PEREIRA
0026-0005;BENICIO JOSE DE OLIVEIRA
0026-0011;ESTEVAO MARQUES DE OLIVEIRA
0026-0112;RODRIGO ADRIANO DE SOUZA
0026-0126;TULIO TEXEIRA SOARES
0026-0130;I F DE SOUZA
0027-0012;MARIA MARTINS GOMES
0027-0021;PAULO IZIDORIO RODRIGUES
0027-0024;SANTOS DE SOUZA GOMES
0027-0033;JOSE BENEDITO DA SILVA
0027-0035;MIGUEL FERREIRA DE FREITAS
0027-0038;ROSA GOMES RAMOS
0027-0044;FRANCISCA APARECIDA DA SILVA REIS
0027-0074;MARGARIDA PERPETUA DE SA GONCALVES
0027-0139;JOSE RONALDO DE LIMA
0027-0146;JOSE LENADRO DE OLIVEIRA REIS
0027-0148;FATIMA APARECIDA DA ROCHA ABREU
0027-0180;LUCIA SATURNINA DOS SANTOS LACERDA
0027-0229;JOAO MARIANO GONCALVES
0027-0246;MARTHA PERPETUA DE ALV PEREIRA
0027-0255;GERALDO ALVES MARTINS
0027-0256;PRISCILLA TEIXEIRA RAMOS RODRIGUES
0027-0265;JOSE CIRILO ALVES
0027-0268;ANDRE LUCAS LIMA DE SOUZA
0027-0271;JOSIVALDO BATISTA SANTOS
0027-0272;MAURICIO JUNIO DOS SANTOS
0027-0273;ZILA PAES DE SOUZA FELIPE
0027-0276;DALVA CHAVES PEREIRA
0028-0001;CARLOS LINDEMBERG SCHENCK
0028-0009;HELIO DE SOUZA NUNES
0028-0010;LUCIANO ARAUJO
0028-0016;LUZIA CATARINA SILVA
0028-0019;CATARINA MARIA SANTOS FELICIANO
0028-0026;JOSE SANTANA EMERICK ME
0028-0073;ALBERTO NEVERTE MARQUES EMERICK
0028-0078;GILCELIO AMARO DE SOUZA
0028-0083;DIVINA DAS GRACAS FAUSTNO
0028-0131;BONITIAILA ELAINE JORDAO DA SILVA
0028-0132;ALAIR DIAS
0028-0155;DENILSON HERMENEGILDO EMERICK
0028-0157;RONALDO CESAR HORSTH
0029-0047;ROBERTO LUIZ DA SILVA
0029-0060;LUCINDA SERRANO DE FREITAS FIDELIS DA SI
0029-0131;ROGERIO COELHO LOPES
0029-0146;REINALDO CIPRIANO LOPES DE SIQUEIRA
0029-0151;MARCELO DE OLIVEIRA
0029-0153;WARISTON DE MEDEIROS CAMPOS
0029-0181;LINCOLN RENAULT COSTA
0030-0006;GETULIO EDMUNDO DE LANA
0030-0007;JOSE MILTON PAQUIEL
0030-0008;JULIANA DE SOUZA BATISTA SILVA
0030-0013;VALDECI PAQUIEL DE PAULA
0030-0016;MARIA GOMES PEREIRA
0030-0023;LUIS CARLOS QUIEL
0030-0030;VALUDARIO BATISTA DE OLIVEIRA
0030-0066;CRISTIANE APARECIDA MARTINS
0030-0067;JAQUELINE DE MANACES ALVES
0030-0090;MARIA MADALENA DE OLIVEIRA
0030-0091;MARIA DA CONCEICAO CHAVES CARMELO
0030-0099;PATRICIO SILVESTRE DOS SANTOS
0030-0100;AGOSTINHO NETO JORGE
0030-0111;LT RODRIGUES BAR
0030-0112;JENIFER DAIANE RAMOS
0031-0034;LUCAS MARIANO FERRARI
0031-0056;LILIANE GODOI COSTA
0031-0075;ALEX SANDRO GERALDO SOARES
0031-0077;RICARDO HENRIQUE MORAES MARQUES
0031-0078;JULIANO ANDRE DE OLIVEIRA
0031-0081;RAFAEL MIGUEL SIMPLICIO QUEIROZ
0031-0083;MARIA DAS DORES GANDRA IZIDORIO
0031-0084;ERIC LUIZ SALES
0031-0086;SANDRA APARECIDA DE MORAES
0031-0088;MARIA APARECIDA DOS SANTOS117
0031-0103;JOAO PAULO SILVA
0031-0126;VITOR EMANUEL FERREIRA GOMES
0032-0005;SALMO ALEXANDRE DE MENEZES
0032-0088;TERESINHA SILVA DE OLIVEIRA
0032-0090;DOUGLAS ANDRADE DE OLIVEIRA
0032-0092;PAULO CEZAR COSTA
0032-0093;JOSE MOREIRA DE ASSIS
0033-0005;LEONEL DA SILVA
0033-0008;NILTON FERREIRA
0033-0016;SEBASTIAO GOMES FERNANDES
0033-0095;DIONE PAULO DE SOUSA ME
0033-0112;MAICON CARLOS CAETANO
0033-0181;NORMA PAMELA DA COSTA CALDEIRA FREITAS
0034-0012;RAIMUNDO BARNABE DA SILVA
0034-0022;JOAQUIM PAULA DA SILVA
0034-0025;MARIA APARECIDA FERNANDES
0034-0026;BELANISIA RODRIGUES ALVES
0034-0065;EDSON VANDER GOMES DE BRITO
0034-0133;JOSE CERILO DOS SANTOS
0034-0135;CARLOS ROBERTODE BRITTO
0034-0138;REGINALDO RIBEIRO
0034-0155;GIOVANI FAGUNDES LOPES
0035-0005;JOSE ANTONIO DE MELO
0035-0006;PEDRO JESUS PENA
0035-0008;VILCILANE FERREIRA SANGY SOUZA
0035-0009;FRANCISCO PEREIRA
0035-0021;JOSE PAULO HOTT
0035-0038;VALDIR DE MOURA MAIA
0035-0047;JOSE MARIA SALAZAR
0035-0076;JOSE LOPES
0035-0134;GERALDO LUCIANO ARRUDA
0035-0137;SEBASTIAO SATHLER GOULART
0035-0177;GENILSON PRAZEIROS
0035-0182;JUAREZ DIAS PEREIRA
0035-0188;SILVIO JUNIOR ROBADEL
0035-0190;AILTON FERREIRA DA CUNHA
0035-0191;LUCAS EMANUEL FURTUNATO DA SILVA
0035-0202;JOAO CESAR LACERDA
0035-0203;LUIZ FERNANDO BREDER DE LIMA
0035-0211;JOSE JUNIO FAUSTINO DA SILVA
0036-0056;ADILSON ROSA FERREIRA
0036-0058;HELTON MATEUS PEIXOTO
0036-0059;SEBASTIAO ESTEVAM DE AMBROSIO
0036-0075;JEAN CARLOS PEREIRA DA SILVA
0036-0085;MARCOS ROBERTO VIEIRA
0037-0014;HELIO HENRIQUE MOREIRA
0037-0022;LAERCIO LAUREANO FERNANDES ME
0037-0041;EDILENE MARIA DE SOUZA
0037-0057;ELIANE MARIA DA SILVA MARIANO
0037-0084;ROSIMEIRE CAETANO SATHLER
0037-0092;CICERO FLORENCIO DOS ANJOS
0037-0105;ANTONIO RODRIGUES DE OLIVEIRA
0037-0107;RONALDO JOSE DOS SANTOS
0037-0108;CELSO EDUARDO DE OLIVEIRA
0037-0126;C E OLIVEIRA
0037-0137;JULIANO DE ASSIS PEREIRA RAMOS
0038-0009;ORIBES ALVES DE ASSIS
0038-0017;MARIA AMELIA DA COSTA FREITAS
0038-0079;ALEX SANDRO DE PAULA
0038-0104;VANDERLEI DOS REIS FARIA
0038-0118;KLEBERSON CASSIEL DE OLIVEIRA ALVES
0038-0119;MICAEL SANTANA
0038-0129;MIGUEL ALVERINO FERREIRA
0038-0133;ANA PAULA MARQUES SANTANA
0038-0135;VANDERLEI DOS REIS FARIA
0039-0056;EVANDRO MAGESTE DOS SANTOS
0039-0076;IVANE MENDES
0039-0152;GUTEMBERGUE FERNANDES DA ROCHA
0039-0154;GRACIANO MARQUES COSTA
0039-0156;ELILAINE MAIRA DIONIIO
0039-0157;ROSILENE MARIA ALVES
0039-0158;MARIA TEREZINHA FERREIRA SOUZA
0039-0161;CESAR RAIMUNDO SILVA ME
0039-0162;LUCIA APARECIDA MOURA DUTRA
0039-0164;ELIAS SALVADOR DE CARVALHO
0039-0166;ARTHUR RODRIGUES
0039-0167;DIRLEY DA SILVA DORNELAS ME
0039-0174;RONALDO LUIZ DE LIMA
0040-0009;JOSE VIANA LOPES
0040-0096;ANA CONCEICAO DE MENEZES LOPES
0040-0117;VENANCIO ALVES DE OLIVEIRA
0040-0119;MARIA DE FATIMA DAS S MENEZES
0040-0122;ANNA BEATRIZ DE ARAUJO
0040-0127;JOSE EUSTAQUIO SOARES
0040-0144;OLIVEIRA BAR
0040-0149;JOICE FERNANDES DE ARRUDA
0041-0013;VALDECI DE LAIA
0041-0015;JOSE DAS GRACAS SANTOS
0041-0036;THE CAVAS BAR
0041-0088;JESUS FERREIRA CAMPOS
0041-0106;ADAO SIQUEIRA
0041-0110;RINALDO EUSEBIO DE ASSIS BRANDAO
0041-0112;JOAO GUALBERTO DA SILVA DIAS
0041-0113;JORGE PEREIRA
0041-0115;RENATA NAZARE ABREU QUINTAO
0041-0116;HELIO DE CASTRO ARAUJO
0041-0118;VALDIRENE ALVES NUNES
0041-0125;SUELEN AVELINO DA TRINDADE
0041-0132;JOSE ANTONIO LOPES
0041-0133;JOAO ALEXANDRE DE ABREU
0041-0144;EMERSON FABIO ASSIS ALTERA
0041-0147;ALDECEIA MARIA CORDEIRO
0041-0149;SIMONE ALEXANDRA MOREIRA GONCALVES
0041-0153;PAULO CICERO QUINTAO
0041-0165;DARA SOARES RAMOS
0041-0168;VINICIUS MAIA DA HORA
0041-0196;ERALDO CERQUEIRA DA SILVA
0041-0200;THALISON DA PENHA REIS
0042-0060;MARCO ARAUJO CARVALHO
0042-0095;ANA CAROLINA MORAES DO CARMO
0042-0098;BEATRZ RODRIGUES VALERIO
0042-0099;NEUA VIANA GASPAROTO
0042-0154;LUCAS DA SILVA
0043-0004;ADENILCO TARDEM
0043-0012;JESUS VIEIRA
0043-0081;LETICIA CARDOSO WERNER
0043-0082;HELIS JOSE SOARES
0043-0083;ANGELA MARIA LOPES
0043-0084;SEBASTIAO LACERDA
0043-0087;PRICILA DE SA SILVA
0043-0088;HENRIQUE GRIPP SEGALL VALERIO
0043-0128;WILLIAN DOS SANTOS NUNES
0044-0008;REGINALDO QUINTELA DA ROCHA
0044-0014;JOSENI SILVA
0044-0015;NARCELIO BISPO SOARES
0044-0088;VALDEMIR DE MORAIS SILVA
0044-0114;MAX WILLIAN SILVA
0045-0008;CLAUDIONEI DA CRUZ MARTINS
0045-0037;MARIA ANGELICA DA S B FRANCO
0045-0040;JOSE ALVES AMANCIO
0045-0041;SEBASTIAO GONCALVES
0045-0042;JOSE FINO SOUZA FRANCO
0045-0043;VARONIL GONCALVES DE OLIVEIRA
0045-0044;JOANES DE MIRANDA FRANCO
0045-0059;T G DA SILVA ME
0045-0088;MELCHIADES MARTINS DE OLIVEIRA
0046-0007;JOSE SAUL DE PAULA
0046-0012;OSWALDO ALBINO DE JESUS
0046-0022;IVANI MOREIRA DIAS
0046-0039;ADAO DE ARAUJO NETTO ME
0046-0043;G F DA SILVA ME
0046-0044;GISLENE APARECIDA BARBOSA
0047-0019;VALDIR LUCIO RODRIGUES ME
0047-0041;ANTONIO MARCOS DE OLIVEIRA
0047-0072;ELISANGELA FERREIRA RAMOS SILVA
0047-0073;JORGE PORTES ESTANISLAU
0047-0077;JADSON HUEBRA FARIA HENRIQUE
0047-0082;JOAO VITOR VICENTE
0048-0001;WALTUIRTON SEMEAO DA PENHA
0048-0002;RAIMUNDO MESSIAS DA SILVA
0048-0029;JM DA COSTA
0048-0101;MARCIO RODRIGUES DE FARIA
0049-0005;SEBASTIAO DA SILVA SOBRINHO
0049-0006;AFONSO XAVIER DE MORAIS ME
0049-0011;ADILSON FORTUNA
0049-0012;JOSINA MARIA ALVES
0049-0015;MARINETE GOMES DE SALES
0049-0047;JOSE DO CARMO E SILVA
0049-0058;SILVERIA FERREIRA DE SOUZA
0049-0061;W M DE OLIVEIRA -ME
0049-0087;MARIA DAS GRACAS DE M ALMEIDA
0049-0091;MARCOS ANTONIO DUARTE BARROSO
0049-0092;LUCIENE DOS SANTOS BARROZO
0049-0095;JOSE TEODORO DA SILVA FILHO
0049-0100;ANGELA MARIA DA COSTA
0049-0102;WALTER LOURENCO DIAS
0050-0002;SEBASTIAO MARCELINO DE SOUZA
0050-0009;JOAO CARLOS GONCALVES
0050-0036;JOSE DAS GRACAS SILVA
0050-0037;CRISPIM SILVERIO TEIXEIRA
0050-0047;EVA CHRISTIAN DE SOUZA
0050-0048;EVA CHRISTIAN DE SOUZA 07296421606
0051-0003;SIMONE ROSARIO SANTOS
0051-0014;OLIVEIRA LOMAR
0051-0051;DIANA DE PAIVA NOGUEIRA
0051-0052;ANTONIO DE ARAUJO ANDRADE
0051-0064;MARIA DE LOURDES DA SILVA LEITE
0053-0007;JOSE DOS REIS
0053-0011;EVERALDO QUINTAO ARAUJO
0053-0026;JOSE GERALDO DE SOUZA
0053-0030;MARCIO LIMA DE PAULA
0053-0048;EDERSON FELIX SILVA DOS SANTOS
0053-0053;JOSE EUSTAQUIO COELHO
0053-0056;WILLIAM STOPA LACERDA
0053-0058;MILTON DA COSTA JANETI
0053-0059;JEREMIAS GABRIEL
0053-0063;JOSE STOPA TAVARES
0053-0069;RAILAN DARLEI SOARES REIS
0053-0074;TEREZINHA ANTUNES ASSIS DUARTE
0053-0084;CAMPOS E OLIVEIRA
0053-0086;CHRISTIANO ALMEIDA PAIVA
0054-0047;JORGE LUIZ MENDES
0055-0005;MAURA VERA DO AMARAL BRETAS
0055-0015;SEBASTIAO MOREIRA TAVEIRA
0055-0021;AELESON ALEXANDRE GONCALVES
0055-0057;BRANDOLY MARDEN DE ANDRADE AGUIAR
0056-0002;MARCELIO GOMES DE OLIVEIRA
0056-0015;ELIELSON RAFAEL DA SILVA
0056-0021;NELSON JOSE MOREIRA
0056-0023;EDEVALDO JOSE DA COSTA
0056-0038;SHEILA MATIAS DA SILVA VIANA
0057-0022;JOAQUIM EXPEDITO DOS SANTOS
0057-0024;GERALDO GERMANO DA SILVA
0057-0025;ADILSON GOMES DA SILVA
0057-0026;MARIA DA CONCEICAO SOARES
0057-0122;MOISES DA CRUZ DE SA
0057-0129;ELIO OLIVEIRA SOUZA
0057-0138;RAIMUNDO ELEUTERIO DOMINGUES
0057-0139;GERALDA CONSOLACAO DA SILVA
0057-0140;L E LOPES FERNANDES
0057-0183;ANTONIO MAURICIO ARAUJO PESSOA ME
0057-0184;SONIA MARIA DE SALLES MARTINS
0057-0186;SAMUEL AUGUSTO BORGES
0057-0192;JANAINA APARECIDA DOS SANTOS
0057-0193;WENDERSON SANTOS
0057-0226;MARIA SOCORRO MUNIZ
0057-0230;MARIA IMACULADA DA COSTA
0057-0231;MARIZA CORREA DA S.MAGALHAES
0057-0232;GILBERTO DE SOUZA
0057-0233;JULIA DE JESUS DOS SANTOS
0057-0237;GABRIEL LUCAS DOMINGUES AZEVEDO
0057-0238;IURY ALESSANDRO BARBOSA DE FREITAS
0057-0240;MARIA RAIMUNDA DOMINGUES
0057-0241;GERALDO GERMANIO DA SILVA
0057-0242;ALEXANDRE EVANGELISTA SOARES GOMES
0057-0243;MARIA JOSE FLAVIA SILVA SANTOS
0057-0244;MARIA IMACULADA COSTA DE OLIVEIRA
0057-0248;JOSE GERALDO SOARES130
0057-0269;GLAUCO SANCHER DE OLIVEIRA MENDES
0057-0298;JOSE GERALDO ROSA JUNIOR
0057-0312;VITORIA DOS SANTOS MENDES
0060-0001;SEBASTIAO MAURICIO SOARES
0060-0003;VICENTE PAULO DOS SANTOS
0060-0007;DEIVIANA APARECIDA LOPES
0060-0014;JUVERCINO SALVADOR JARDIM ME
0060-0015;LUANA ALVES SOARES
0086-0002;GR SA
0086-0010;ALEXANDRE DE OLIVEIRA DINIZ
0086-0032;ALESSANDRO PEREIRA FIGUEIREDO
0086-0041;AVANTE PNEUS S/A
0087-0025;PROMO2GO COMUNICACAO E MARKETING
0087-0027;MATRON INFORMATICA
0087-0030;ANA SIRLENE DA SILVA BOITO ME
0087-0035;HH PRINT MANAGEMENT DO BRASIL E REPRESEN
0087-0036;VOLKSWAGEN DO BRASIL IND DE VEIC AUTO LT
0087-0037;RANDON S/A IMPLEMENTOS E PARTICIPACOES
0087-0041;VOLKSWAGEM DO BRASIL IND DE VEICULOS AU 
0088-0007;VOLKSWAGEN TRUCK E BUS IND E COM DE VEI 
0089-0002;ANA CAROLINA DE PAULA RIBEIRO
0090-0005;JOSUE DUTRA BATISTA
0090-0007;MARCIO GLEK DOS SANTOS
0090-0008;ALCIR PEIOTO FERREIRA
0090-0009;NEIVALDO PEIXOTO DA SILVA
0090-0010;SIRLEY MARCIA DE OLIVEIRA FALCAO
0091-0033;JUAREZ AMORIM MONTEIRO
0091-0037;WALAS SOARES PEREIRA
0094-0014;ELETROZEMA S A
0094-0020;JOSE BENICIO RAMOS SOUZA
0094-0021;MARCO TULIO ALI ADRI BOTELHO
0095-0010;MODERNA INDUSTRIA DE PLASTICOS E MOVIES 
0095-0012;TELEFONICA BRASIL S/A
0095-0022;MINAS ACESSORIOS E PECAS DE CAMINHOES LT
0097-0009;FELICIANO OLIVEIRA GUERRA
0097-0063;OLDAIR PEREIRA CUNHA
0099-0003;ALDAIR NEVES
0100-0001;DAVI LUCAS DO NASCIMENTO
0101-0013;ADIRSON CLAUDIO DE FREITAS
0101-0016;JOSE GOMES DA CRUZ
0101-0044;HELTON BENEDITO DOS SANTOS
0101-0068;ROSIMAR APARECIDA MENDES SOUZA
0101-0075;ILDEU NEVES ASSUNCAO
0101-0088;CLAUDIO DOMINGUES MAGALHAES
0101-0089;LUCIO AUGUSTO VIEIRA
0101-0194;RITA GERALDA DOS SANTOS REIS
0101-0240;JOSE THADEU AVELAR
0101-0249;JOSE ALVES FREITAS SOBRINHO
0101-0393;JOSE ANSELMO VASCONCELOS
0101-0521;MARIA DE FATIMA EVANGELISTA CABRAL
0101-0595;IRACI FONSECA FILHO
0101-0684;JOSE VICENTE TEIXEIRA
0101-0756;NICOLAU ALVES
0101-0816;MARCELO HENRIQUE BRAGA DA LUZ
0101-0830;LUCIENE SATYRO BRAGA
0101-0863;SAMUEL SILVA PIRES
0101-0879;SANDRA GOMES MONTEIRO SILVA
0101-0880;ANTONIO JOSE DA SILVA
0101-0886;ANDERSON CLAUDIO MONTEIRO
0101-0895;JHENNYFER LORRAYNE GOMES FERREIRA
0101-0908;EDITE GONCALVES DA SILVA
0101-0912;JOAO SATIRO
0101-0914;JOSE WILSON DE OLIVEIRA
0101-0915;AILTON VITORIO CORNELIO JUNIOR
0101-0927;CESIO OZANIO ESMERIA
0101-0942;LARISSA BRAGA SARTORI
0101-0945;GILMARA PEREIRA DA SILVA CORNELIO
0101-0967;MARCOS JOSE BRAGA ME
0101-0998;CARLOS ALBERTO AZEVEDO ROSA
0101-1042;RICARDO MARCONDES MIRANDA
0101-1051;LUIZ EDUARDO PELINSARI
0101-1064;JOAO HONORATO DOS SANTOS
0101-1084;WARLEY FLORENCIO BRAGA
0101-1098;LUCIANO S ANA PEIXOTO
0101-1110;ANDREA MARIA LEITE
0101-1157;LUIZA CAROLINA MENDES DE SOUZA
0101-1180;MAGDA LUCIA GOMES
0101-1184;GERALDO EUSTAQUIO MAFRA ARAUJO
0101-1234;SOLEMAR REGEA DE AVILA AUGUSTO
0101-1253;MARCOS MAGNUS FERREIRA BASTOS
0101-1262;FELIPE LOURENCO FRANCA GUIMARAES VIANA
0101-1263;JOAO BATISTA MARTINS PINHEIRO JUNIOR
0101-1267;GERALDA MARIA PRISCO
0101-1272;TACIANE ALMEIDA GUALBERTO
0101-1275;ROBERTO CARLOS DOS SANTOS
0101-1277;MARIA SEBASTIANA ASSUNCAO
0101-1278;JOSE LIBERATO ALVES
0101-1279;NELSOM MARTINS CARVALHO
0101-1280;JOSE EMILIANO LUCIANO ME
0101-1281;REJANE CRISTINA FERREIRA
0101-1282;ROGERIO ANGELO DE FREITAS
0101-1283;GERALDO MAGELA PEIXOTO
0101-1284;HERIVELTO NUNES DE MOURA
0101-1285;ANTONIO DAS NEVES SANTANA
0101-1286;BRUNA DE CASTRO M DOS SANTOS
0101-1287;NAYARA APARECIDA GONCALVES
0101-1288;JOSE ANTONIO DE O. FILHO
0101-1291;VALERIO RAMOS XAVIER
0101-1292;KASSIA ARYELLE OLIVEIRA ALVES
0101-1293;ILDEU LEAL MACHADO
0101-1295;MARIA DE FATIMA OLIVEIRA GUEDES
0101-1302;EDVALDO CESAR DE VASCONCELOS
0101-1305;ORGANIZACAO RAIMUNDO CORREA
0101-1306;RODRIGO LEITE MARTINS DA COSTA
0101-1307;WEBERSON RODRIGUES DE PAULA
0101-1309;MARIA DO CARMO VIEIRA
0101-1310;JOSE ROBERTO SOARES DUARTE
0101-1313;MARIA APARECIDA DO COUTO
0101-1315;AMAURI SEVERINO CESARIO
0101-1318;JOSELANDIA FERREIRA DE AGUIAR
0101-1320;LIDIANE VIEIRA DA SILVA
0101-1321;ELIANE CRISTINA DE ARAUJO FERREIRA
0101-1322;LUAN HENRIQUE SOARES DOS SANTOS
0101-1323;GELATERIA E PALETERIA DE LA FRUTA
0101-1326;LUCIANO DAMASCENO BASTOS
0101-1334;LEONARDO RODRIGUES DA SILVA DE PAU
0101-1335;VERA LUCIA DE CARVALHO
0101-1337;THAIS FIGUEIREDO GUERRA BRAGA
0101-1342;JOEL JAIR DE ALMEIDA
0101-1343;ULISSES ALMEIDA DE PAULA
0101-1344;CARLOS ROBERTO BICALHO
0101-1345;RICARDO OTAVIO ARAUJO MAFIA E CIA
0101-1349;JOSE DINIZ DOS SANTOS
0101-1359;CICERO SALES PESCA
0101-1360;CLEIBERSON MACSON GOMES DOS SANTOS
0101-1361;ISAIAS SILVINO RITA
0101-1364;CARLOS ALBERTO MAGALHAES
0101-1365;ANTONIO ARSENIO DO NASCIMENTO
0101-1370;WARLEY FLORENCIO BRAGA149
0101-1373;FILIPE CABRAL DE OLIVEIRA TORRES
0101-1377;ANTONIO CARLOS LASARINO
0101-1381;RENATO TARCISIO MOTORISTA
0101-1416;JOSENEY JUNIO DIAS LUIZ
0101-1419;MICHAEL MARTINS DA ROCHA
0101-1434;VALDERSON WILLER DE FREITAS
0101-1435;MARCELO LUCIO MIGUEL
0101-1444;JEAN AUGUSTO DA SILVA GOMES
0101-1445;ARLINDO DA SILVA MAYRINK
0101-1447;ANDRE ALVES
0101-1449;JOYCE ANGELINA MARQUES FERREIRA
0101-1455;ALEXSANDRA PENA GUIMARAES
0101-1456;NATALIA APARECIDA PINTO CONDE
0101-1466;JOAQUIM RODRIGUES VIANA
0101-1475;STEPHANIE CRISTINA DE OLIVEIRA
0101-1477;DENNER AUGUSTO TEIXEIRA
0101-1478;ANA PAULA PEREIRA DA SILVA
0101-1480;SIRLEY DA COSTA VIANA DE SOUZA
0101-1494;PAULO HENRIQUE SANTOS SILVA
0101-1495;MELISSA CRISTINA SOARES MONTEIRO
0101-1499;ANDRE LUIZ AMORIM
0101-1503;ANDREIA LUCAS BRAGA
0101-1525;SAMARA DE PAULA FERREIRA
0101-1530;LARISSA LAILA PATRICIA FERREIRA
0101-1534;MAURA GERALDA JESUS DE SOUZA
0101-1536;ANTONIO SILVESTRE MENDES
0101-1546;JOSE MARTINS MAIA
0101-1548;CIBELLE APARECIDA DOS SANTOS
0101-1564;JULIO CESAR COSTA
0101-1569;REYGS DANTAS DE ALMEIDA
0101-1571;JULIAM ANGELO INACIO CUNHA
0101-1575;AGUINALDO CLARA DE PAULA
0101-1578;GLEIZE ANDRADE MORAIS
0101-1580;CRISTINA APARECIDA NASCIMENTO
0101-1585;DEYVERSON ELBER TEODORO
0101-1587;FABIANO DA CONCEICAO QUINTILIANO
0101-1591;GUILHERME TOMAZ CAETANO
0101-1596;GUILHERME AUGUSTO DAS GRACAS
0101-1598;LEANDRO CARLOS DA CRUZ
0101-1599;TIAGO DE PAULA PEREIRA
0101-1600;TAYANE CRISTINA MOREIRA
0101-1602;DANIELA KATIA QUARESMA
0101-1604;ALESSANDRO BUENO SANTANA
0101-1614;JOSE EUSTAQUIO DA SILVA
0101-1619;CLARA DOS ANJOS SILVA DA CRUZ
0101-1626;JUAN CARLOS RIVAS VELEZ
0101-1630;JOSE EGIDIO DE FREITAS
0101-1633;JULIO CESAR COSTA
0101-1637;GERALDO SERGIO DOS PASSOS
0101-1640;LISLEY EMANUELE BARBOSA DE OLIVEIRA
0101-1646;VANDERLEI DOS SANTOS SOCORRO
0101-1648;JOAO PAULO DA SILVA MIGUEL
0101-1649;MARCELO CANDIDO VIEIRA
0101-1651;LUCAS BRAZZAROLA DE LIMA
0101-1655;ARTHUR HENRIQUE OLIVEIRA PINTO
0101-1657;TIAGO LUIZ VIEIRA
0101-1658;REGINALDO VALE CABRAL
0101-1662;MAURICIO CASSIO DE JESUS
0101-1663;JEFERSON DE FREITAS
0101-1670;JESSICA MARA DE SOUZA
0101-1672;RETIFICA GV MANUTENCAO E PREPARACAO DE V
0101-1676;LUIZ PINTO FERNANDES
0101-1677;MARIA APARECIDA DIAS
0101-1680;GERALDO QUILISOSTE FAUSTINO
0101-1694;HERCULES RODRIGUES BAZILIO
0101-1696;ROBERTO RODRIGUES LINHARES
0101-1698;HARLEN HENRIQUE BRAGA
0101-1699;NATALIA BESSA VALADAO AZEVEDO
0101-1711;VINICIUS AMBROSIO LAGE MAGALHAES
0101-1720;MICHAEL MARTINS DA ROCHA
0101-1721;ELISEU DANIEL GOMES
0101-1724;BRUNO APOLONIO DOS SANTOS
0101-1728;ELIANA DIAS PEIXOTO
0101-1732;AUGUSTO JOSE MAGALHES
0101-1733;KATIA ALVES FERREIRA
0101-1735;MIGUEL ARCANJO DE SENA SILVA
0101-1736;GELIDSON JAIDER DE OLIVEIRA
0101-1741;GUILHERME DA SILVA ROMEU
0101-1742;MARCUS VINICIUS DA SILVEIRA
0101-1744;CARLOS HENRIQUE MENDES DE SOUZA
0101-1746;CLIFTON MONTEIRO ALVES
0101-1750;JONATHAS PIMENTA GONCALVES
0101-1751;PABLO DE PAULA DIAS
0101-1754;LEANDRO PAULINELE GOMES DE SOUZA
0101-1755;VITOR HUGO JUNIOR CASSIO
0101-1756;EVANDRO ALVES DA LUZ
0101-1762;JOAO VICTOR SANTOS
0101-1763;SAMUEL VICTOR FERREIRA
0101-1769;STARK FITNESS STUDIO E BOOM ACADEMIA
0101-1771;ROMARIO SOARES RITA
0101-1777;MATHEUS MARTINS BRAGA
0101-1778;GABRIEL VITOR DOS SANTOS
0101-1807;ALAN JUNIO MARTINS CALDEIRA
0101-1825;LUIZ FERNANDO LOPES DE OLIVEIRA
0101-1848;EDUARDO ASSUNCAO DOS SANTOS
0101-1849;CLEIDSOM ABREU SILVA
0101-1859;WALKILAINE CUPERTINO DE MOURA ROLIM
0101-1869;LUCAS CARVALHO CHAVES
0101-1882;JESUS FERREIRA PIMENTEL NETO
0103-0076;PAULO APOLINARIO DE OLIVEIRA
0103-0802;CRISTINA PIRES GUEDES
0103-0803;THEREZINHA DE OLIVEIRA SANTOS
0103-0812;JOSE DE ALMEIDA MAGALHAES
0103-0815;JOSE DOS SANTOS AGANETE
0103-0817;GILBERTO DOS REIS P. SANTOS
0103-0818;KLEYNER BATISTA SOARES
0103-0823;RAFAEL DE OLIVEIRA BORGES
0103-0824;JOSE JESUS DOS ANJOS MARQUES
0104-0093;ILMO OLIVEIRA COELHO
0104-0130;MARIA ANGELA NEPOMUCENO
0104-0131;REGINA CRISTINA SANTOS RIBEIRO
0104-0132;VERA LUCIA DOS SANTOS
0104-0138;MARIA JOSE MOREIRA
0104-0174;RENATA DAS DORES SANTOS ASSIS
0104-0806;ENY LEONARDO DE LIMA VIEIRA
0104-0807;LUCIA HELENA RODRIGUES AZEVEDO
0104-0810;MARIA PEDRO DUARTE FIGUEREDO
0104-0811;VANTUIR APARECIDO DE ARAUJO
0104-0812;ANDERSON DA SILVA TEIXEIRA
0104-0815;PEDRO INACIO DA SILVA FILHO
0104-0818;CRISTIANO FONSECA LAGE
0104-0821;VINICIUS DA SILVA SILVEIRA
0104-0822;PATRICIA MEIRELES DE FREITAS
0105-0142;VERLIANE DOS SANTOS ARAUJO
0105-0143;CASILDA FRANCISCA DA MOTA ALVARENGA
0105-0177;DANIEL ANASTACIO DE OLIVEIRA
0105-0179;ROBERTA GOMES DE SOUZA
0105-0211;ALESSANDRA APARECIDA MARCELINO
0105-0299;MARIA CELIA ARCANJO ME
0105-0327;SERGIO LUIZ DOS SANTOS
0105-0345;JOSE OSSI DE NAZARE
0105-0360;ROSANGELA APARECIDA ARAUJO
0105-0417;MARIA TEREZA DE FREITAS
0105-0430;GERALDO EUGENIO R. OLIVEIRA
0105-0466;GERALDA SANTANA CHAVES
0105-0472;JOSE WILSON VIEIRA SOARES
0105-0487;ILDEU RODRIGUES DE OLIVEIRA
0105-0563;JESUS TOME SEVERINO RODRIGUES
0105-0598;ANTONIO ALVARENGA QUINTAO
0105-0717;ADAIR GERALDO ZEFERINO
0105-0800;MARIA LUCIA PADILHA DE MIRANDA
0105-0802;ROSANGELA DA ROCHA SANTOS
0105-0803;MARIA DAS DORES O. E SILVA ME
0105-0804;MARLENE MOREIRA ASSIS CASTRO
0105-0805;LIZETE APARECIDA GREGORIO214
0105-0807;GERALDO GONCALVES216
0105-0808;MARIA DO CARMO DAS MERCES
0105-0809;CARLOS BRUM
0105-0810;MARIA RAIMUNDA MARCIANO
0105-0811;ADEMIR DOS SANTOS LAGE
0105-0812;LUCIA NELES RIBEIRO
0105-0813;RONALDO CARLOS DE SA
0105-0815;TEREZINHA DA CONCEI O DUARTE MOURA
0105-0816;GILBERTO DOS REIS
0105-0817;JOSE GERALDO DA PAZ
0105-0818;FRANCISLEI TEIXEIRA BARBOSA
0105-0819;GENILSON DE ARAUJO RIBEIRO228
0105-0823;ANDRE GARCIA ARAUJO FIGUEIREDO
0105-0826;GUSTAVO DE ALMEIDA QUARESMA
0105-0828;CLAUDINEIA DE MOURA LUCIO
0105-0838;SILVIO CESAR DA PAZ
0105-0841;ALINE LETRO FERREIRA
0105-0842;YAN LINS PEREIRA
0105-0847;WELISON ARAUJO TEIXEIRA
0105-0854;JOSITA NEVES G DOS SANTOS
0105-0856;ANTONIO GERALDO VIEIRA265
0105-0863;ANA LUCIA DE SOUZA BRITO
0105-0865;ONELVINO COELHO
0105-0866;ANDRE SANTOS FERNANDES
0105-0867;GIOVANA OCARLINA ZEFERINO
0105-0869;MAURICIO AGOSTINHO DE OLIVEIRA
0105-0876;PAULO SERGIO DA CONCEICAO
0105-0877;JOSE JANUARIO DOS SANTOS
0105-0879;CLUBE ATLETICO ITABIRANO
0105-0881;ANDERSON DIAS DUARTE
0105-0882;JANAINA FERNANDA DA SILVA
0105-0884;GERALDO ELISIO TEIXEIRA
0105-0885;SIMONE AVELINA RODRIGUES
0105-0886;APARECIDA GERALDA SANTANA BARROS
0105-0888;IGOR MONTEIRO ALVARENGA RESENDE
0105-0892;RONAN GERALDO SANTOS301
0105-0896;EDGARD FERREIRA DA SILVA NETO
0105-0899;ANTONIO ALVARENGA QUINTAO308
0105-0914;SILVANA RODRIGUES DOS SANTOS
0105-0923;FERNANDO HENRIQUE SILVA LOPES
0105-0937;ROSANGELA APARECIDA DE ARAUJO
0105-0951;JOAO PAULO DE SOUZA
0105-0952;LIDIA DE FATIMA
0105-0958;JAYNE EMMANUELLY ARAUJO REIS
0105-0966;CARLOS ROBERTO DA SILVA
0105-0994;CELIO APARECIDO FELIX
0105-0997;ALEX ALFREDO DE SOUZA MADEIRA
0105-1005;MARCIA CRISTINA DE OLIVEIRA
0105-1009;HELIO MOTA DA SILVA JUNIOR
0105-1010;LEILA MARTA DA SILVA
0105-1032;ANDRE LUIZ ANDRADE
0105-1034;DARCY SILVA DUARTE
0105-1036;VANUZIA APARECIDA DA SILVA
0105-1037;MARINETE DA CONCEICAO NUNES GUIMARAES
0105-1071;IDELMA DAS GRACAS MEIRELES LOPES
0105-1097;VALCIR MACEDO FERREIRA
0105-1123;ROSANA MARIA SOARES DOS REIS
0105-1129;SALETE DE FATIMA GONCALVES
0105-1131;SAMI DEIVES DOS SANTOS
0105-1149;PATRICIA MEIRELES HIGASHI DO CARMO
0105-1164;ELIANO RODRIGUES DE OLIVEIRA
0105-1166;JOAO CATARINO DE OLIVEIRA
0105-1223;EVANDRO DA CONSOLACAO SANTOS
0105-1246;PATRICIA CARLA BEATO
0105-1252;JOSE ANTONIO DA COSTA
0105-1295;MARIA ALBERTINA DE BARCELOS CARVALHO
0105-1314;GISELE DA SILVA DIAS
0105-1315;MARIA MARGARIDA DANIEL
0105-1330;JOSE RAIMUNDO ZACARIAS
0105-1350;MARCELO JORDAN DE SOUZA PAIVA
0105-1355;ROBERTO FERNANDES MORAIS
0105-1367;WELTON CLEBSON SILVA
0105-1395;ALESSANDRA PATRICIA RODRIGUES XAVIER
0105-1400;ENEIDA APARECIDA KELLY KELLES PROCOPIO
0105-1419;JOSE AUGUSTO ANACLETO
0105-1444;MARCILIO SOARES DE ALMEIDA
0105-1449;CELSO RAIMUNDO DE OLIVEIRA
0105-1450;ALESSANDRO FERREIRA DOMINGOS
0105-1455;MAYCON JOHN MANOEL
0105-1468;BRUNO APARECIDO OLIVEIRA DOS SANTOS
0105-1471;ANA PAULA LUCIO
0105-1472;SILDENIO GERALDO NASCIMENTO
0105-1479;WALDEMIRO MARTINS DA SILVA
0105-1495;WANDERSON MARCIO PINTO
0105-1522;ISABEL DA CONSOLACAO ARAUJO ZEFERINO
0105-1526;ALISSOM ALEXANDRE DOS SANTOS
0105-1528;NEIMAR MARQUES DE OLIVEIRA
0105-1551;MARCELO COELHO COSTA VENDEDOR
0105-1555;JOSE SERGIO DE SA
0105-1588;EDEMILSON SERGIO ANASTACIO
0105-1599;THALES COSTA GUEDES FERREIRA
0105-1603;ERMY DAS DORES FIGUEIREDO
0105-1604;EUSLER EULLER DA SILVA SANTOS
0105-1606;PRISCIANE FERREIRA
0105-1608;TRIBBU ACAI E SUCOS ITABIRA
0105-1614;ELIANA APARECIDA DE ANDRADE BORGES
0105-1616;TAIS MARTINS
0105-1619;GERALDO LUCIANO DE PAULA
0105-1620;VANDA DUARTE DA SILVA
0105-1624;PABLO ROCHA GOMES
0105-1626;ALICE MENEZES DUARTE
0105-1628;JOSE GOVE LAGE MAGALHAES
0105-1629;RENNE AUGUSTO SALES MUNICK
0105-1631;ELIUZI IOUSSEF TAUIL
0105-1642;ROSILENE APARECIDA FERREIRA SILVA
0105-1681;DECIA APARECIDA DA SILVA
0105-1682;CARLOS MAGNO VIANA FONSECA
0105-1686;MIRIAMIS DAS GRACAS BARBOSA REIS
0105-1695;ESDRAS MARTINS
0105-1697;FRANCISCO JEMERSON DIAS DOS SANTOS
0105-1717;MARCIO CREI JANUARIO
0105-1718;KAYRON DE SOUZA VITAL
0105-1746;ANA CAROLINA BARBOSA MARTINS
0105-1757;JESIEL OLIVEIRA SOUZA
0105-1762;TALITA ESTEFANE DUARTE FERREIRA
0105-1783;JOANA LINA RODRIGUES
0105-1791;JHON ANDERSON DUARTE MADEIRA
0105-1808;MATHEUS MENDES RIBEIRO
0105-1809;CLEBER ANTONIO GUALBERTO
0105-1837;GILVAN CESAR DA SILVA
0105-1840;HAVINER DE FREITAS FERNANDES
0105-1874;WANDERLEI EUSTAQUIO FERREIRA
0105-1875;WELLINGTON DE BRITO AMBROSIO
0105-1877;KATIA CATARINO DE ALMEIDA
0105-1890;EVERTON MARCOS MEIRELES
0105-1901;DAVI GUSTAVO GONCALVES SANTOS
0105-1903;ANA FLAVIA REIS DUARTE
0105-1920;WELLINGNTON MARTINS B. JUNIOR
0105-1922;BENEVIDES MARCOS DE BRITO
0105-1933;ARIADNEY LUCIANO DA SILVA GOMES
0105-1935;GABRIELA DOS SANTOS
0105-1942;ALAIS APARECIDA SIMAO ALBERTO
0105-1955;TIAGO HENRIQUE VIEIRA
0105-1971;MARCELO ANDRE SILVA DRUMOND RIBEIRO
0105-1984;GABRIEL HENRIQUE DE OLIVEIRA
0105-1992;EDNA DE SOUZA RODRIGUES
0105-2002;BRUNO APARECIDO DE OLIVEIRA GOMES
0105-2011;LUCAS HENRIQUE
0105-2024;GUILHERME COSTA DUARTE
0105-2026;WAGNER SANTOS ANDRADE
0105-2028;WAGNER SANTOS ANDRADE
0105-2032;ADMAR JUNIO CARVALHO DA PAIXAO
0105-2051;EDILENE DA CRUZ SILVA
0106-0005;CARLA APARECIDA DE SOUZA AUGUSTA
0106-0009;MARIA GARCIA DE ANDRADE
0106-0010;LUIZ CLAUDIO DE PAULO
0106-0041;RONALDO JULIO FERREIRA
0107-0036;MARIA NATIVIDADE DE FREITAS
0107-0118;JOAO LUIZ COTTA
0107-0125;ALEXANDRE GOMES LIBERATO
0107-0212;MARIA APARECIDA MISSIAS
0107-0213;ALCIDES RIBEIRO
0107-0216;VANIA LUCIA DE PAULA
0107-0232;RAFAEL JOSE BUENO TORRES
0107-0234;JOELMA APARECIDA PIRES DE LIMA
0107-0239;MARIA SALETH CARNEIRO
0107-0245;BRENO WASHINGON LAGE DE ARAUJO
0107-0247;RITA DE CASSIA SOARES MENDES
0107-0251;SOLANGE DE ABREU GONCALVES FERREIRA
0107-0272;FABRICIO RIBEIRO DE OLIVEIRA
0107-0273;LUCINEIA MARCELINA T DA SILVA
0107-0278;MARIA LUCIA DOS SANTOS
0107-0286;JUNIO GOMES FERREIRA
0107-0288;RENATA MORAES DOS SANTOS
0107-0330;LEONIDAS DE BARROS ATAIDE
0107-0333;WELINGTON JOSE MORAIS
0107-0335;PATRICK HENRIQUE BARROSO REIS
0107-0801;CIONE ALVES VILELA
0107-0802;MARIA APARECIDA DOS SANTOS350
0107-0803;GRAZIELLA PESSOA FERREIRA
0107-0811;INGRID QUINTAO CALDEIRA
0107-0812;GERALDO NAZARENO COTTA
0107-0816;LUCIANA A SOUZA COTA
0107-0817;JANE APARECIDA DE SOUZA
0107-0819;VALDETE VALENTINA DA SILVA RIBEIRO
0107-0820;DELFINO GOMES FIDELIS
0107-0826;ELIZABETH APARECIDA CORDEIRO NEVES
0107-0827;MARIA HELENA COTA FIGUEIREDO
0107-0828;EMERSON MARCOS QUINTAO
0108-0123;JOSE CHARSXTER SANTOS
0108-0168;KAMYLLA ARAUJO DE OLIVEIRA SOUZA
0108-0170;PABLINA APARECIDA MARQUES ANDRADE
0108-0172;GILLANI APARECIDA ARCHANJO
0108-0189;DIVINA APARECIDA DE MORAIS
0108-0194;GERALDO NALDELE MARQUES
0108-0195;MARIA DAS GRACAS OL SILVA ME
0108-0197;TAIANA MARA CAMARGO
0108-0198;ROSANE APARECIDA DE AVILA MOL
0108-0238;JANIO MARTINS DA SILVA
0108-0801;VINICIUS VALAMIEL DE ANDRADE OLIVEI
0108-0804;VICTOR TEIXEIRA VIEIRA DRUMOND
0109-0019;MARIA DO CARMO ABREU SILVA
0109-0029;PAULO EULALIO SILVA
0109-0032;FREDIE WILLEM MELO COTA
0109-0069;SONIA DORIZETE MENDES SILVA
0109-0074;CARLOS ANDRE SOARES
0109-0092;MEIRY APARECIDA MACIEL GOMES
0109-0101;MARCIA GERALDA MENDES FONSECA
0109-0112;ZIZI MARIA VITORINO
0109-0113;LUZIA GONCALVES ALVES
0109-0134;JOAO ELIAS LEAL
0109-0135;MARCOS JORDAN MELLO COTA
0109-0152;JESUS DE CARVALHO
0109-0153;GIRLAINE MARIA COTA
0109-0155;CELESTE APARECIDA ANDRADE LIMA
0109-0161;IMACULADA ESPIRITO SANTO LIMA
0109-0164;MARIA APARECIDA NUNES
0109-0177;MIRELLE COTA PASCOAL
0109-0179;MARIA ALAIDE FERREIRA
0109-0181;ALICE DE CARVALHO PAIVA
0109-0183;REJAINE APARECIDA DE MAGALHAES COTA
0110-0034;JOSE CESAR ALVES
0110-0043;GERALDO JACINTO DIAS
0110-0055;COOP DOS PRODUT RURAIS DE DOM SILVERIO
0110-0081;LEIDIMARA PIVATO NEVES
0110-0089;WANGRY ROBERTO FERNANDES
0112-0044;RONDINELI JUNIOR BUENO
0112-0048;GEAN CARLOS SANTIAGO
0112-0073;CLESRILTON HONORIO LIMA
0112-0078;RAIMUNDO AMBROSIO CAETANO
0112-0079;MARGARIDA MARIA GOMES
0112-0085;JORGE MARTINS DE SOUZA
0112-0119;BENEDITO DAS GRACA PAIVA
0112-0218;JULIANA APARECIDA MATIAS DA ANUNCIACAO
0112-0244;JOAO DE O SILVA ME
0112-0284;MAYCON SILAS FRADE FERREIRA
0112-0297;JOAO CARLOS CASTOLDI
0112-0315;JOAO NOLASCO FAUSTINO
0112-0316;ALVARO FELIPE M DA COSTA
0112-0318;JOSE LEONARDO DOS SANTOS
0112-0319;ADRIANE DA SILVA LAGE MARTINS
0112-0321;GERALDO MAGELA SILVA
0112-0322;MARIA REGINA MARTINS DA COSTA
0112-0328;JULIARDE DOS SANTOS GOMES
0112-0332;LUIS CARLOS BUENO
0112-0333;ROBERTO MARTINS LAGE
0112-0336;MANOEL CARLOS MOTORISTA
0112-0353;ROSA APARECIDA COSTA DE PAULO
0112-0376;CARLOS ALBERTO DOS SANTOS
0112-0385;JHONNEMI JOSE DA SILVA
0112-0405;LETICIA APARECIDA CORREA CAMPOS
0112-0407;GABRIELA LIMA LAGE
0112-0410;BIANCA REGINA CREPALDE SILVA 10457835605
0113-0022;LOURIVAL MORAIS DE JESUS
0113-0102;REGIANE MARQUES DA LUZ
0113-0104;ANTONIO JUSTINO ALVES
0113-0125;ANTONIO MAURICIO ARAUJO PESSOA
0113-0156;GABRIEL MARTINS DOS ANJOS
0113-0803;SAMUEL AUGUSTO BORGES387
0113-0808;LUIZ SERGIO DOS SANTOS
0113-0814;JOSE GABRIEL ROSA REIS
0114-0022;ALVINA EMERICK XAVIER
0114-0023;LUCIANO GONCALVES FURTADO
0114-0024;JANDIRA SOARES PEREIRA
0114-0026;ANTONIO ALBERTO DE SOUZA
0114-0027;AILTON MAURO DE OLIVEIRA
0114-0028;ELIANE DE SOUZA MORAIS
0115-0005;CJ FERREIRA ELETRODUBOM COM DE ELETRONIC
0115-0014;REFRIGELO CLIMATIZACAO DE ANBIENTES S.A 
0121-0030;ELIANE SANTANA
0121-0046;MARIA CLEUA
0121-0047;CARLOS EMILIO NUNES
0122-0016;RAFAEL DE OLIVEIRA MARQUES
0122-0017;ADAO DE OLIVEIRA FELI
0122-0018;JACIR ALVES DE OLIVEIRA
0122-0019;ELIAS RODRIGUES CORTES
0122-0020;JOEL ALVES DA SILVA
0122-0021;DENIS LUCAS DE OLIVEIRA
0122-0022;LARISSA FERREIRA RODRIGUES
0124-0023;ROZENI SOARES DA SILVA
0128-0003;GURGELMIX MAQUINAS E FERRAMENTAS S A
0129-0007;ROSEMARY DA SILVA NUNES
0129-0008;L O DE ANDRADE ME
0129-0009;CASSIO PARRA REIS ME
0129-0030;JESSICA PEREIRA CABRAL
0129-0031;MARCOS VINICIUS MODESTO DA SILVA
0129-0032;MARLIANE DE PAULA MEIRELES
0129-0033;FLAVIA ALVES PEREIRA
0129-0070;EMILLY ELLEN EDUARDO DO NASCIMENTO
0129-0076;JULIA DIAS DE ARAUJO
0129-0138;IVAN MOLINA CABRAL
0129-0143;MARIA EDUARDA PALMEIRAS DA SILVA
0129-0148;JUNIOR ARRUDA SILVA
0129-0162;DIEGO PATRICK RAMOS
0129-0237;SANDRO GONCALVES DE JESUS
0129-0239;ROBSON JUNIOR OLIVEIRA
0129-0280;SAULO AGUIAR PONCIANO
0129-0285;VICTOR HENRIQUE PEREIRA FERREIRA
0129-0354;NEIDE APARECIDA RODRIGUES CANDIDO
0129-0380;RITA DE CASSIA PEREIRA DA SILVA
0129-0388;SELMA AGDA DA LUZ LIMA
0129-0395;FILIPE ALVES DE SOUZA
0129-0420;YAKANE NAGILA BOLONHA COELHO DA COSTA
0131-0008;DANIELLY LETICIA DE FREITAS
0131-0009;KAROLINA VITORIA VIANA DE SOUZA
0131-0012;ROMERIO JANETI ROSA
0131-0014;PATRICIA CARIAS GUEDES MORAES
0133-0005;EDMILSON GOMES VOLGEL (CADASTRO SPED)
0136-0003;FRANCISCO PIMENTEL SOUZA
0136-0010;ANA GERALDA DA SILVA PARENTE
0136-0019;EDNA BEATRIZ PEDROSA DE OLIVEIRA
0138-0003;ANA CAROLINA PECANHA DE OLIVEIRA
0138-0004;NEUZA MARIA DA SILVA
0139-0015;KELLEN CRISTINA MARCIEL SOARES
0140-0021;JOSE CIRILO ALVES
0140-0023;ANDRE LUCAS LIMA DE SOUZA
0171-0002;CLIENTE TESTE
0171-0005;FACCHINI S.A
0171-0006;MUNDIAL LOGISTICA INTEGRADA
0172-0001;GUSTAVO ANDRADE FIALHO
0173-0002;SUZANO S.A.
0201-0005;SEBASTIAO MIGUEL DA SILVA
0201-0007;ALFREDO LOPES DE FREITAS NETO
0203-0001;R G SCHIRATO
0300-0010;ERICA SILVA CUNHA SOUZA COSTA
0336-0001;C.R SILVA FREITAS
0670-0028;NIRLEI BERNARDES DE CARVALHO
0670-0058;JOSE EUSTAQUIO VIEIRA PENA
0670-0079;ANTONIO AUGUSTO SANTOS COTTA
0670-0085;RAUL GERALDO DA SILVA FILHO
0670-0095;JOEL LOPES DA COSTA
0670-0101;LEONARDO MAGALHAES GOMES
0670-0107;JOSE GERALDO SOARES
0670-0111;RAYLANDS DAYLOM DE AVILA
0670-0115;LUIZ DONIZETE SILVA
0670-0129;GERALDO CRISTIANO CAMILO
0681-0002;EDILSON APARECIDO
0683-0001;ELETRICA LIMEIRENSE
0693-0002;SELBETTI GESTAO DE DOCUMENTOS S.A.
0696-0001;MERCOFRICON S/A
3001-0007;ADAIR PEREIRA DA SILVA
3001-0008;ADALIA TOMAZ SOARES
3001-0012;ADAO RODRIGUES DOS SANTOS
3001-0016;ADEMAR CONRADO RODRIGUES
3001-0017;ADEMAR DE AQUINO VENDRAMINI
3001-0030;ADRIANE BARROS DE ALMEIDA
3001-0033;ADRIANO SIQUEIRA DE LIMA
3001-0037;AGNEL MARCIO VIEIRA
3001-0041;AILSON BARBOSA DA SILVA
3001-0044;AILTON XAVIER SIMOES
3001-0052;ALCIDES ROCHA BALDAIA
3001-0057;ALEXANDRE DE PAULA
3001-0065;ALIRIO GONCALVES PINTO
3001-0067;ALMIRO PEREIRA DA SILVA
3001-0070;ALTAIR NEVES DE SOUZA
3001-0072;ALTAMIRO GOMES DE OLIVEIRA
3001-0077;AMILTON NUNES VALENTIN
3001-0092;ANDRE SPADETTO SOUZA PINHEIRO PEREIRA
3001-0093;ANDREIA DE SOUZA PIRES
3001-0095;ANDREIA MAZER CAMPOS
3001-0098;ANERCINO FRANCO DE SEIXAS
3001-0102;ANGELINA PENHA DOS SANTOS BRANDAO
3001-0104;ANGERSON AMARAL VILARINO
3001-0105;ANISIO SILVA DO NASCIMENTO
3001-0107;ANTELIA GOMES ANASTACIO
3001-0112;ANTONIO BILLOES
3001-0115;ANTONIO DELFIM ROSA
3001-0116;ANTONIO DOS REIS CARVALHO
3001-0127;ANTONIO PERES VIDAL
3001-0134;ARLINDA GONCALVES GEBER
3001-0135;ARMANDA BALBINO VIANA
3001-0141;AROLDO NOVAES
3001-0142;ARONDINA
3001-0152;AYRES DA SILVA COELHO
3001-0163;BENEVAL MONTEIRO ROCHA
3001-0180;CARLA SOARES ROSA
3001-0188;CARLOS ROBERTO MACHADO
3001-0189;CARLOS ROBERTO PEREIRA DA CRUZ
3001-0216;CIRLEIA LUZIA DA SILVA
3001-0217;CLAUCIR DALL AGNOL
3001-0218;CLAUDENIS ALVES DE SOUZA
3001-0229;CLECIO MENDES SILVANO
3001-0231;CLEMAR ALVES DA SILVA
3001-0236;CLESIO LELES SANTOS ME
3001-0238;CLEUNICE GOMES LUCAS
3001-0242;CLOTILDES BONISEGNA
3001-0252;CREUZA GERMANO DE BRITO
3001-0257;CRISTIANO FERREIRA ALVES
3001-0268;DAMIAO RODRIGUES DOS SANTOS
3001-0273;DARCILENE PEREIRA VITOR DOS REIS
3001-0274;DARLEY YANI SILVA REIS
3001-0282;DEBORA DIAS OLIVEIRA
3001-0283;DEISE NETO JARDIM
3001-0291;DERCI ALVES DE OLIVEIRA
3001-0301;DIRCEU GONCALVES COSTA
3001-0306;DJALMA ANDRADE
3001-0311;DOMINGOS FERNANDES
3001-0316;DURCE MARIA DE AMORIM
3001-0317;EDER DE CASTRO SILVA
3001-0319;EDESIO TEODORO
3001-0323;EDILSON GOMES DA ROCHA
3001-0333;EDNA REGINALDO MACHADO
3001-0335;EDSON VAZ DE OLIVEIRA
3001-0341;EDUARDO SOTTO MAIOR PERALVA ME
3001-0347;ELCI DA SILVA
3001-0352;ELI ROSA MARTINS
3001-0355;ELIANE DE SOUZA PACHECO
3001-0359;ELIDIANA CAMPOS AFONSO
3001-0376;ENIRZA MIRANDA GONALVES
3001-0377;ERACY ANUNCIACAO FERNANDES
3001-0381;ERIKA BARBOSA DE ALCANTARA
3001-0383;ERNANDES PASCOAL
3001-0390;EULER MIRANDA GONCALVES
3001-0396;EVALDO DESTRO
3001-0399;EVELYNE OLIVEIRA GONCALVES DIAS
3001-0400;EVERTON APARECIDO PIMENTA
3001-0401;EVERTON DE PAULA PEREIRA
3001-0405;FABIO ALEXANDRE DE ASSUNCAO
3001-0414;FELIPE CESAR FERREIRA RAMOS
3001-0416;FERNANDO BRAZ DE LIMA GRACIOLI
3001-0420;FERNANDO OSCAR VICENTE
3001-0428;FLORISVALDO GONCALVES DA SILVA
3001-0432;FRANCISCO CUNHA MENEZES
3001-0433;FRANCISCO FERNANDES DOS SANTOS
3001-0436;FRANCISCO NUNES COUTO
3001-0442;GABRIELL HENRIQUE M HOTT
3001-0448;GENECY AGUIAR
3001-0449;GENEZIO GARCIA REZENDE
3001-0450;GENIVALDO TRAGINO
3001-0451;GENTIL MENDES FERREIRA
3001-0454;GERALDA JESUS DE SOUZA
3001-0456;GERALDA MARIA HENRIQUE
3001-0458;GERALDO DE JESUS PROCOPIO
3001-0462;GERALDO GOMES DOS SANTOS
3001-0463;GERALDO GORETH BARBOSA
3001-0466;GERALDO LUCIO DA SILVA
3001-0471;GERALDO MARTINS PINHO
3001-0472;GERALDO MOURA DOS SANTOS
3001-0473;GERALDO PEDRO AMARAL
3001-0480;GERSON DA SILVA BRAGAN A
3001-0481;GERSON DE ARAUJO
3001-0482;GERSON GUEDES LEAL
3001-0483;GEZIO PEREIRA COSTA
3001-0484;GIANNI MARIA OTTO
3001-0489;GILDO SIMOES BRAGA
3001-0493;GILSON DUTRA DA SILVA
3001-0494;GILSON VITOR CAMPOS JUNIOR
3001-0497;GIOVANI AXER CHISTE
3001-0498;GIOVANI SILVA
3001-0499;GIOVANIA MOREIRA DA SILVA
3001-0500;GIRLANDA NUNES QUEIROGA
3001-0502;GISLANE GOMES CUNHA
3001-0506;GLEIDSON PINHEIRO DA COSTA
3001-0522;HELIO APOLINARIO DA SILVA
3001-0527;HELIO PEIXOTO LACERDA
3001-0533;HERMINIO CAMILO LOPES
3001-0535;HERMIRIO FERREIRA ALIO
3001-0537;HILDA MARIA DE SOUZA
3001-0547;IDER LAGARES LOURENCO
3001-0549;ILHA PRODUTOS ALIMENTICIOS LTD
3001-0554;ILTON NUNES
3001-0556;IRACEMA PINTO DO CARMO
3001-0557;IRACY MADALENA TEIXEIRA
3001-0558;IRAIDES BRAGA BICALHO
3001-0563;IRES LUCAS TEODORO
3001-0567;ISLANDIA ALMERINDA PEREIRA
3001-0572;IVANA DE SOUZA SILVA
3001-0574;IVANETE GUIMARAES OLARIO
3001-0577;IVANIR DE SOUZA
3001-0579;IVO CORREIA BRAGA
3001-0580;IVO SILVESTRE DE SOUZA
3001-0590;JAILSON OLIVIO ROCHA
3001-0593;JAIME THIAGO DA SILVA
3001-0595;JAIR DORCELINO DO NASCIMENTO
3001-0597;JAIR PEREIRA
3001-0598;JAIR PEREIRA
3001-0600;JAIRO SIMOES DE SOUZA
3001-0602;JANDIR DE OLIVEIRA ALVES
3001-0606;JANERCI ANTONIA COELHO VENDRAM
3001-0611;JARIO EUSTAQUIO DA SILVA
3001-0622;JOAO BATISTA ARANTES
3001-0623;JOAO BATISTA DE OLIVEIRA
3001-0624;JOAO BATISTA SOARES FREITAS
3001-0629;JOAO FERREIRA DE OLIVEIRA
3001-0630;JOAO JULIAO SANTOS
3001-0634;JOAO PEREIRA DOS SANTOS
3001-0638;JOAQUIM MIRANDA DE OLIVEIRA
3001-0639;JOEL ROSA DE SOUZA
3001-0644;JOILTON GUIMARAES DOS SANTOS
3001-0647;JONAS CONRADO EVANGELISTA
3001-0652;JORGE CHAVES
3001-0657;JOSE ALVES DUARTE
3001-0660;JOSE ANTONIO CORREIA
3001-0661;JOSE ANTONIO FREITAS DE LIMA
3001-0665;JOSE ASSIS DE MEDEIROS
3001-0666;JOSE ATAIDE RODRIGUES DOS SANT
3001-0681;JOSE DO CARMO VIEIRA
3001-0682;JOSE DO NASCIMENTO SOBRINHO
3001-0683;JOSE DOMINGOS DA SILVA
3001-0684;JOSE ESTELINO GOMES DA SILVA
3001-0690;JOSE FERREIRA SOBRINHO
3001-0692;JOSE FRANCISCO DO NASCIMENTO
3001-0693;JOSE FRANCISCO JUNIOR
3001-0695;JOSE GERALDO MARTINS
3001-0699;JOSE LEONEL DA ROCHA
3001-0707;JOSE MARILAQUE LOPES
3001-0710;JOSE MILTON STA RITA FILHO
3001-0712;JOSE NILTON DOS SANTOS
3001-0718;JOSE RIBEIRO DE AMORIM
3001-0721;JOSE RODRIGUES SOBRINHO
3001-0722;JOSE ROSA DE JESUS
3001-0728;JOSILENY DE OLIVEIRA GUEDES SILVA
3001-0731;JOVENTINO RAMIRES
3001-0738;JUCILENE ALVES ROCHA
3001-0745;JULIO AVELAR SILVERIO
3001-0747;JULIO CESAR RODRIGUES COELHO
3001-0754;KELEN SCHIMIT MARIANO MAGNO
3001-0757;KLINGER POMAROLLI
3001-0768;LAUDICEIA SOARES
3001-0769;LAURO BRAVIM DE FREITAS JUNIOR
3001-0773;LEIA DA CUNHA OLIVEIRA
3001-0774;LEIZA SINCERO DA SILVA LEITE
3001-0775;LENILDA SILVA ROSA
3001-0777;LEO MARIANO SILVA
3001-0778;LEONARDO AYRES DA FRAGA
3001-0779;LEONARDO COSTA LUIZ
3001-0782;LEONIDAS LUIZ RIBEIRO
3001-0791;LIDIO SOUZA MEDINA
3001-0803;LUANA PINHO DA SILVA GEBER
3001-0818;LUIS EMILIO ALVES DE LIMA
3001-0819;LUISA BARROSO DE CARVALHO COELHO
3001-0822;LUIZ CARLOS DIAS VANTUIL
3001-0824;LUTIGAR MOUFARREG TOMICH
3001-0827;LUZIA VIEIRA DE JESUS
3001-0830;M E A DE CASTRO ME
3001-0831;MAGNO JARDIM DA SILVA
3001-0838;MANOEL BUENO DE MATOS
3001-0846;MARCELINO CLEMENTINO DA SILVA
3001-0849;MARCIA CRISTIANA DOS SANTOS
3001-0851;MARCIA LOURENCO RIBEIRO
3001-0852;MARCILIO RODRIGO SILVA BARBOSA
3001-0854;MARCIO HELI NUNES
3001-0855;MARCIO RIBEIRO ASSIS
3001-0860;MARCOS ANTONIO LUZ
3001-0878;MARIA APARECIDA PEREIRA DE SOUZA
3001-0880;MARIA APARECIDA REIS DO AMARAL
3001-0883;MARIA COSTA VIANA ROCHA
3001-0884;MARIA DA CONCEICAO LEITE
3001-0886;MARIA DA CONCEICAO PINTO COSTA
3001-0889;MARIA DA PENHA LANES GONCALVES
3001-0891;MARIA DAS GRACAS DE SOUZA
3001-0892;MARIA DAS GRACAS MALAQUIAS
3001-0896;MARIA DAS GRACAS RIBEIRO BENTO
3001-0897;MARIA DAS GRACAS SILVA
3001-0899;MARIA DAS GRACAS SOUZA MARTINS
3001-0900;MARIA DE FATIMA AGUIAR DE MORA
3001-0902;MARIA DE FATIMA DE MOURA SILVA DE PAULA 
3001-0905;MARIA DE FATIMA SOUZA
3001-0912;MARIA DE SOUZA MEIRELES
3001-0913;MARIA DO CARMO QUEIROZ
3001-0915;MARIA DO SOCORRO DIAS VANTUIL
3001-0918;MARIA DO SOCORRO NUNES COSTA
3001-0919;MARIA DOMINGAS DOS SANTOS
3001-0920;MARIA EVANGELISTA VIANA
3001-0925;MARIA GOMES PIRES
3001-0931;MARIA MENDES DOS SANTOS
3001-0932;MARIA NASCIMENTO ALVES
3001-0934;MARIA NILZA MOREIRA
3001-0935;MARIA PEREIRA DA SILVA
3001-0936;MARIA ROSA DA SILVA NUNES
3001-0939;MARIA ROSARIO PEREIRA JESUS FI
3001-0942;MARIANA CLAUDIA DO NASCIMENTO
3001-0946;MARILENE NERES DE SOUZA
3001-0948;MARILENE SILVA CAETANO
3001-0949;MARILEY LOPES DE ALMEIDA
3001-0958;MARISTANIA LUCIANA ALVES
3001-0963;MARLENE OTONI HORTA
3001-0970;MATEUS BARRETO DA SILVA
3001-0972;MATOSINHO SERAFIM DE OLIVEIRA
3001-0975;MAURICIO DE SOUZA SERPA ME
3001-0980;MAXWEL DE OLIVEIRA RAMOS
3001-1004;MICHELE CRISTINE COELHO DE LIMA
3001-1008;MILTON GOMES BATISTA
3001-1009;MILTON JOSE DOS REIS
3001-1010;MILTON SILVEIRA SOARES
3001-1012;MOACIR XAVIER DA SILVA
3001-1013;MOISES RODRIGUES DE SOUZA
3001-1019;NADIR GERALDO PEREIRA DOS SANT
3001-1021;NAIR AUXILIADORA DE SOUZA DANTAS
3001-1024;NATANAEL ALVES
3001-1030;NELSON BARBOSA
3001-1032;NELSON MERLINI
3001-1034;NEUSA COELHO DA COSTA
3001-1043;NILTON ALVES MOREIRA
3001-1045;NILTON HIGINO DA SILVA
3001-1049;NOECIO ANTONIO NUNES
3001-1052;OCTAVIO MACARIO THOMAZ
3001-1060;ONOFRE RIBEIRO DA SILVA
3001-1064;OSVALDO BENTO VILELA
3001-1065;OSVALDO DOS ANJOS MEIRELLES
3001-1105;PATRICIA AUGUSTO FERREIRA
3001-1108;PAULA DA SILVA PINTO
3001-1110;PAULINO BATISTA DOS SANTOS
3001-1114;PAULO LUIZ DE ANDRADE
3001-1118;PAULO TEOFILO RODRIGUES
3001-1123;PEDRO LELIS PEREIRA
3001-1125;PEDRO VILARINO LEAO
3001-1133;QUINTILIANO MARCELINO DA SILVA
3001-1136;RAIMUNDA CANDIDA DA SILVA
3001-1137;RAIMUNDO COSTA CHAVES
3001-1140;RAPHAEL PRATES FARIA
3001-1171;RICARDO ANTONIO SOARES
3001-1181;ROBERTO CABRAL DE MELLO PIMENTA
3001-1182;ROBERTO CARDOSO
3001-1188;ROBSON OLIVEIRA TEMPONI
3001-1189;ROGENILDO RODRIGUES DE ALMEIDA
3001-1191;ROGERIO DA SILVA CHAVES
3001-1195;ROMILDA RODRIGUES ALMEIDA SANT
3001-1196;ROMILDE ROSA FONSECA ROCHA
3001-1200;RONILDO BENJAMIM SILVERIO
3001-1210;RAFAEL FELIPE DA SILVA
3001-1212;ROSENILDA DA CONCEICAO
3001-1213;ROSILENE ANICIA DE ARAUJO
3001-1221;SALVADOR ALVES DE ARAUJO
3001-1228;SANDRA MARQUES GOMES
3001-1229;SANDRA PEREIRA DA SILVA ROCHA
3001-1232;SANTA PEREIRA DOS SANTOS
3001-1237;SEBASTIAO COSTA RODRIGUES
3001-1240;SEBASTIAO FERREIRA
3001-1247;SEBASTIAO PEREIRA DE SOUZA
3001-1253;SERAFIM JOSE DA CUNHA
3001-1258;SIDNEY PEDRO FLORA
3001-1266;SINVAL ANTONIO DE OLIVEIRA
3001-1268;SIRLENE FERREIRA SANTOS
3001-1272;SONIA MEDEIROS DA MOTA
3001-1275;SUELI GOMES DA SILVA FERNANDES
3001-1288;TARCISIO CANDIDO VIEIRA
3001-1291;TEREZA ALVES PATROCINIO
3001-1298;THALLES HENRIQUE NOGUEIRA SILVA
3001-1308;VAGNER DIAS OLIVEIRA
3001-1309;VALDECI DOS SANTOS OLIVEIRA
3001-1310;VALDECI PEREIRA DA SILVA
3001-1311;VALDECI PIRES
3001-1312;VALDEMAR LOPES SOUZA
3001-1319;VALDIR NUNES DA SILVA
3001-1320;VALDIR PEREIRA DE ANDRADE
3001-1322;VALDIVINO NONATO DE OLIVEIRA
3001-1340;VANUSA ALVES DE SOUSA
3001-1341;VANUSA GOMES DA SILVA
3001-1356;VINICIUS DE OLIVEIRA VILELA ME
3001-1363;WALLACE CANDIDA DO NASCIMENTO
3001-1364;WALLACE MEIRELES DE MATTOS
3001-1366;WALTAIR MODESTO DOS SANTOS
3001-1368;WALTER MISAEL CALIL SILVA
3001-1371;WANDER INACIO DA SILVA
3001-1382;WILLIAN ALVES DOS SANTOS
3001-1398;WILIAN DIAS TOTARO
3001-1412;JOSE CASSIANO RIBEIRO
3001-1423;ROGERIO PEREIRA SABARA
3001-1424;MARIA ANTONIA DA SILVA
3001-1429;ELIANE GONCALVES DIAS
3001-1445;SEBASTIAO ISMAR DA SILVA
3001-1446;ANGELA MARIA DE SOUZA PIRES
3001-1449;MARCIO ANTONIO SILVA
3001-1456;JOSE EUSTAQUIO DE OLIVEIRA
3001-1473;JOSE VIEIRA DE SOUZA
3001-1474;WAGNER DE OLIVEIRA VILELA
3001-1477;ANTONIO FRANCISCO VIEIRA BRAZ
3001-1479;CARLOS ROBERTO DE SOUZA
3001-1483;MARIA INES CARDOSO DE BESSA
3001-1495;RONALDO ADRIANO CEZARINO DE SOUZA
3001-1501;LUCINEIDE DO NASCIMENTO LUCAS
3001-1512;CRISTIANA APARECIDA FERREIRA
3001-1516;AGOSTINHO RODRIGUES DOS SANTOS
3001-1520;ANA PAULA GOMES DA SILVA
3001-1521;ANDRE ALVES PAULO
3001-1522;ANTONIO CARLOS AMARAL
3001-1545;JOAO CLARINDO DOS SANTOS
3001-1552;JOSE FRANCISCO DA ROCHA
3001-1553;JOSE GERALDO DE ANDRADE
3001-1561;MARIA APARECIDA DA SILVA MODESTO
3001-1565;MARIA JOSE GOMES
3001-1566;MARIA MARTA DE ALMEIDA
3001-1567;MARIA ROSA GRANADA
3001-1577;ROBERTO BATISTA SOUZA
3001-1592;YURI PEREIRA DOS SANTOS
3001-1598;MATEUS SOARES DAMASCENO
3001-1606;MARCELO BARBOSA DA COSTA
3001-1607;LEANDRO COTA DOS SANTOS
3001-1612;FABIOLA MARIA MIRANDA
3001-1615;JUAREZ ALVES DE ARAUJO
3001-1634;VILOBALDO BARBOSA RAMOS
3001-1642;NILZANETE COSTA SILVA
3001-1652;SONIA SOARES DA CRUZ (PROVISORIO SPED)
3001-1655;DENYS BATISTA CAMPOS
3001-1676;DEUCILEY QUEIROZ MARQUES
3001-1685;MARIA APARECIDA COSTA RIBEIRO
3001-1691;CHISTE E LOPES PRODUTOS ALIMENTICIOS
3001-1709;GILMAR JOSE DOS SANTOS
3001-1710;VOUMIR NUNES BRAGA
3001-1713;MARCOS ENILSON SILVA CABRAL
3001-1728;ANTONIO JORGE RANGEL MARINHO
3001-1730;ORLEI OSCAR VIANA
3001-1756;IGOR NEVES LOPES
3001-1788;FERNANDO LUIZ RODRIGUES RIBEIRO
3001-1791;THIAGO ANDRE DE FREITAS
3001-1798;JOSE FELIX DOS SANTOS
3001-1803;RAFAEL FERREIRA DOS SANTOS
3001-1812;SILAMA DE ANDRADE F. OLIVEIRA
3001-1830;IRACEMA DE OLIVEIRA ALMEIDA
3001-1831;CLEODAIR GONCALVES DE ALMEIDA
3001-1832;TAYRHONE XAVIER TEIXEIRA
3001-1833;ROSIMEIRE MARIA DA SILVA LAUREANO
3001-1835;FABIO MESSIAS ALVES
3001-1837;GRACIENE FREITAS
3001-1842;MARIA DE JESUS COUTO
3001-1844;AFONSO JANUARIO PEREIRA
3001-1845;MARIA ELI DA COSTA
3001-1846;ALCIONE MAIA MOREIRA DOS SANTOS
3001-1847;RAIMUNDA CLEUNIZIA L ROCHA
3001-1848;MARCIO FERREIRA DE SOUZA
3001-1849;LUCELINE ALVES SOARES DE SOUZA
3001-1851;MICHELE GOMES FAGUNDES
3001-1852;MAURILIO CHAVES
3001-1854;ELIANE LUZIA DE OLIVEIRA
3001-1855;CLAUDMILSON GUEDES DE JESUS
3001-1856;ELIANE CRISTIANA DE PAULA
3001-1857;CLAUDIA ERNESTINA DE SOUZA
3001-1862;LILIAN MARA DE OLIVEIRA
3001-1864;LUIZ CESAR CANDIDO DA SILVA
3001-1867;APARECIDA RITA DA SILVA
3001-1868;HERMES GOMES
3001-1871;GLEISIANE ERMINIO SOUTO
3001-1872;MYKELL JUNIO GONAALVES MACHADO
3001-1874;ROSANA FELIPE DE SOUZA
3001-1875;JUSCILENE APARECIDA BRITO DE SOUZA
3001-1876;ADEMILDE ALVES BATISTA SOARES
3001-1879;CLEIDE MAGALHAES SILVA
3001-1882;JOSE DA COSTA RAMOS
3001-1884;FERNANDA PAULO NOGUEIRA
3001-1886;TEREZA MACHADO GONCALVES DE MEIRA
3001-1887;TEREZINHA DE OLIVEIRA SARAIVA
3001-1888;DEYLLER MOREIRA SILVA DE PAULA
3001-1890;POLIANE MOREIRA SOUSA
3001-1892;CELIO FRANCISCO DE AFREMO
3001-1893;KELLEN CRISTINA XAVIER DOS SANTOS
3001-1894;JONATHAN ALVES DOS REIS
3001-1897;WILLIAN CHRISTIAN DE FREITAS
3001-1898;MARCIA APARECIDA RODRIGUES SOARES
3001-1899;TIAGO ANTONIO FERREIRA DE MATOS
3001-1901;KEVEN BORGES ARAUJO DE SOUZA
3001-1904;GILDY LAURIANO DA SILVA
3001-1905;FELIPE TEIXEIRA DA SILVA
3001-1908;SILVIO ARAUJO
3001-1909;FELIPE RODRIGUES FERNANDES
3001-1911;KETLEN ROZA DA SILVA SOUZA
3001-1914;RONI ANDRADE
3001-1915;AMANDA CAROLINA SILVA
3001-1916;KARLA GUALBERTO SOARES
3001-1917;MARILIA SILVEIRA ROCHA
3001-1918;KEVEN ROSSE GONCALVES
3001-1919;RAPHAEL LOPES NASCIMENTO
3001-1920;GUILHERME DA SILVA ROSA
3001-1923;KENIA RODRIGUES SANTOS
3001-1924;BRUNO DE OLIVEIRA
3001-1925;TALLYSON SOARES FERNANDES
3001-1926;CAMILA ALVES DE OLIVEIRA
3001-1927;MARIA CAROLINA CHIEPE FERREIRA
3001-1930;CARLA GABRIELA PRADO VIEIRA
3001-1932;FLAVIO TEIXEIRA LOPES
3001-1936;AMANDA MOREIRA DA SILVA
3001-1937;GUSTAVO SOARES CHAVES
3001-1938;ALFEU PEREIRA SANTOS
3001-1939;VALERIA SILVA BARBOSA
3001-1940;JUAREZ ALVES GODIM
3001-1941;NELSON JOSE CARREIRO
3001-1942;ANA LUCIA GOMES
3001-1945;AFONSO GAMALIEL PINHEIRO
3001-1947;OSMAR GONCALVES SILVA
3001-1950;CARLOS ROBERTO GODINHO
3001-1952;JISELE FERREIRA RAMOS
3001-1956;GILMAR CELESTINO CAMPOS
3001-1958;IRIO JOSE BOVENSCHULTE
3001-1959;CUSTODIO MIGUEL DE OLIVEIRA
3001-1960;JOSE CARLOS MEIRELES GARCIA
3001-1961;JOSE AGDO GOMES
3001-1962;GERALDO LANE ALMEIDA
3001-1964;MARIA GERALDA DE JESUS
3001-1965;CARLOS ANDRADE DA SILVA
3001-1966;MARIA DA PENHA GONZAGA
3001-1967;JOAO GOMES DA SILVA
3001-1968;JOSE HELIVANDER BRAGA
3001-1970;JOAO CARLOS DE ALMEIDA
3001-1971;JULIO CEZAR ROSADO
3001-1972;HERSTEIN GODINHO DE OLIVEIRA
3001-1973;ADNOIR DE FREITAS GUIMARAES
3001-1975;NILCEIA MARIA DE S FERREIRA
3001-1977;NILMA ANSELMO DA COSTA
3001-1978;VERA LUCIA COSTA PACHECO
3001-1979;MARIA CANTUARIA
3001-1980;DEVAIR ELIAS DE ALMEIDA
3001-1983;EDMARA FLORA DE SOUZA
3001-1985;MILENA GUILHERME DA SILVA
3001-1986;ADILSON MOREIRA DA SILVA
3001-1991;ORTILES MARGARIDO DE PAULA
3001-1992;REGINA CELIA
3001-1993;LUIZ CARLOS FERREIRA
3001-1994;CESAR DA CONCEICAO MAIA
3001-1995;LAUDIRO DE OLIVEIRA
3001-1997;SEBASTIANA RAMOS DE AQUINO
3001-1999;NEUZA RODRIGUES DOS SANTOS
3001-2000;HERMES CALIXTO CRUZ
3001-2004;DANIEL SILVESTRE VIEIRA
3001-2006;SILVIA FERNANDA LIFONSO SIMOES 059077516
3001-2007;ANA PAULA MACHADO DA SILVA 01346524602
3001-2008;PEDRO LUCCA NETO 04543226666
3001-2010;MR GRELHADOS HAMBURGUERIA EIRELLI ME
3001-2014;PABLO APARECIDO FERREIRA SANTOS 13283476
3001-2018;LUDIMILA ALVES MOREIRA 08297862607
3001-2020;CRISTIANE BARBOSA PERES 03300916623
3001-2021;FERNANDO FERREIRA SILVA 08140696650
3001-2025;LUCIA MARIA RODRIGUES CALDEIRA 297003536
3001-2029;MAX BRENNER BASTOS SANTANA 08775614600
3001-2030;IEDA DE PAULA DIAS NASCIMENTO
3001-2032;GERALDO DOS SANTOS CAMPOS 76005313649
3001-2034;FABIANO CRISTIAN NOGUEIRA BOTELHO 062554
3001-2035;ERICA GONCALVES PEREIRA
3001-2042;WIGNAY NUNES TEMPO 09456464610
3001-2044;JULIA DE JESUS BRUMATTI
3001-2045;CASSIO ALVES NOBRE 13753796662
3001-2052;EVANDRO PINTO DA FRAGA 00326864717
3001-2065;MARIA GOMES MACIEL 00346114608
3001-2075;MARIA APARECIDA TEMPONI DA SILVA
3001-2077;MARCO SOUTO
3001-2078;WANDERLI TEODORO DA SILVA
3001-2079;NEUZA MOREIRA SILVANO
3001-2080;LUIZ ALVES DE SOUZA
3001-2081;JULIA GOMES DE SOUZA
3001-2082;NADIR ANGELA DE PAULA QUEIROZ
3001-2083;ADEIR BARBOSA DE LAIA
3001-2085;ELAINE GONCALVES DE SOUZA
3001-2086;MARIA ROZILDA ALVES
3001-2087;CREUZA GOMES LOPES
3001-2101;MARCUS CUNHA ME
3001-2105;EDVALDO ROQUE SIQUEIRA
3001-2109;VALTER FERREIRA DA SILVA
3001-2112;PEDRO VILARINO LEAO
3001-2118;CRISLANY FERNANDES VAZ
3001-2120;D.A BITTENCOURT
3001-2125;GLORIA DOMINGOS DE AMORIM 56812671649
3001-2126;EDUARDO CAMPOS COELHO
3001-2132;ALEXANDRE DA SILVA NUNES 02863438603
3001-2134;WALKIRIA RODRIGUES DE SOUZA 28988658850 
3001-2137;SIDNEY OLIVEIRA DA SILVA 87870045691
3001-2148;DAEL ALVES FERREIRA
3001-2149;ANA MARIA AMARAL LUCIANO 63678772668
3001-2150;RICARDO SALATIEL DE MATOS
3001-2151;LORENA DE PAULA FREITAS
3001-2152;JOSE ANTONIO DE OLIVEIRA 89718607668
3001-2159;NICOLA CANNUNI
3001-2164;SONIA APARECIDA SCHETTINO DE PAULA 58816
3001-2165;FERNANDO CHAMUSCO DE OLIVEIRA
3001-2171;MATHEUS LAGO MOURA ARAUJO 06673065605
3001-2178;SIDNEY MARCOS BORGES DE MENEZES
3001-2202;EVERTON DE PAULA PEREIRA1
3001-2203;LEONARDO PATRICK LOPES FERNANDES1
3001-2204;MARIA DA CONCEICAO DE S SEIXAS
3001-2207;EZEQUIAS FERREIRA DE MELO
3001-2208;ANDRE ALVES PESSOA
3001-2228;EDINESIO ARAUJO DOS SANTOS
3001-2229;RODRIGO LIMA DOS SANTOS
3001-2230;JOSENALDO MANOEL DOS SANTOS
3001-2231;ANDRE BAIA AMORIM
3001-2232;GLAUCIENE CRISTINA LOPES
3001-2242;TP PRODUCOES E EVENTOS
3001-2251;DOUGLAS ANDRE DA SILVA FARIA
3001-2252;RAILANE VENANCIO
3001-2256;TALT ESPETARIA
3001-2264;MARCIO DE PAULA AJUDANTE
3001-2265;ISRAEL HOSTS
3001-2286;LUIZ CARLOS SEZINI JUNIOR
3001-2295;LIVIA ACACIO ARAUJO SILVA
3001-2296;NIUZA DE OLIVEIRA CAMPOS
3001-2299;MARCOS VINICIUS DA SILVA XAVIER
3001-2300;SAULO RODRIGUES ALVES
3001-2301;SIDNEY PINHEIRO PIMENTA
3001-2312;CHRISTIAN JAVIER MOSCA
3001-2321;EDER REINALDO GONCALVES
3001-2322;THIAGO RAMALHO MOURA VEND GV
3001-2323;TALITTA NOGUEIRA DA SILVA
3001-2325;OLIMAR XAVIER FERREIRA
3001-2326;CRISTIANE DO VALE CRISTO 1
3001-2331;THIAGO ONORIO SANTOS
3001-2333;WELINGTON RODRIGUES DO NASCIMENTO
3001-2335;EMERSON GUIMARAES CAMPOS
3001-2336;MAUREDISSON RODRIGUES DOS SANTOS
3001-2337;DURVAL TEOFILO DE SOUSA
3001-2338;MARCELA INACIO DE MENEZES
3001-2339;SAULO GRIMALDO FERNANDES MOREIRA
3001-2340;WESLEY COELHO JARDIM
3001-2346;ALEONES AJUDANTE
3001-2349;RUBENS SILVADE SOUZA
3001-2350;LENINEI LUEDY NETO
3001-2358;GETULIO FERREIRA CAMPOS
3001-2359;DARLON MAGNO DE MIRANDA PEREIRA
3001-2360;JOILSON DE SOUZA RIBEIRO
3001-2362;EDMAR DE ALMEIDA CAMPOS
3001-2363;NAYARA ELEN DE OLIVEIRA
3001-2367;LIVIA ACACIO ARAUJO SILVA
3001-2374;MARCOS VINICIOS JOSE DE OLIVEIRA
3001-2380;VITOR NEVES BARBOSA
3001-2383;MARCOS JUNIO PASSOS TEIXEIRA
3001-2391;AILTON ARAUJO DE SOUZA SANTOS
3001-2398;GEOVANI MARQUES DA SILVA
3001-2403;ELTON SIMOES CARDOSO ROCHA
3001-2405;BRUNO RODRIGUES DA CRUZ
3001-2406;LUCIANO MEDEIROS DE SOUZA
3001-2407;MAURO SERGIO DE SOUZA
3001-2408;JOSE MAURO PEREIRA DOS SANTOS
3001-2409;THIAGO RAMOS DOS SANTOS
3001-2412;NILTON GALDINO DOS SANTOS
3001-2414;LUCAS EDUARDO FERREIRA DOS SANTOS
3001-2415;GEOVANNE FAGUNDES DE SOUZA
3001-2416;CICERO RODRIGUES DE MOURA
3001-2417;PATRICIA LIMA GOMES
3001-2422;ADRIELLE KAROLAYNE B CHACARA
3001-2428;EGNO VINICIUS BARBOSA SILVA
3001-2429;ANDREIA DIAS VENTURA
3001-2434;KEVEN ROSSE GONCALVES
3001-2455;BRUNO DA SILVA DE ALMEIDA
3001-2461;ELIO PACHOALINO
3001-2463;GABRIEL MATEUS FERNANDES VIANA
3001-2473;OZEIAS MOTORISTA
3001-2476;ISMAEL FELIPE
3001-2478;MAYCOM FELIPE RODRIGUES
3001-2480;CAROLAINE DA SILVA
3001-2481;JOSE GILSON DOS SANTOS
3001-2484;AMANDA NAYARE DA SILVA
3001-2487;PAULO ROBERTO DE QUEIROZ
3001-2490;ANA CAROLINE BERNARDES ROSA
3001-2493;EUNICE ALVES MANSUR SILVA
3001-2494;ENZO OLIVEIRA PORTELA
3001-2495;DOUGLAS MARTINS AJ GV
3001-2496;MARIA ROBERTA NETA
3001-2497;BRUNO KARLOS SOUZA
3001-2498;TALES ANTONIO ROCHA
3001-2506;VAGNER SERAFIM
3001-2514;VINICIUS COSTA DA SILVA
3001-2516;FELIPE FERREIRA MAGALHAES
3001-2517;VIVIANE MARINA ALVES
3001-2521;CLAUDIOMAR FERREIRA DOS SANTOS
3001-2522;EDUARDO FELIPE VIEIRA DIAS
3001-2525;RODRIGO DOMINGOS
3001-2526;MARCIA DE SOUZA
3001-2537;CLAUDIA NASCIMENTO NERIS
3001-2542;KEILA PAULA DA SILVA
3001-2547;AURICELIA FERREIRA DOS SANTOS
3001-2557;WALDINELLY DELIVERY
3001-2563;ANA PAULA FERNANDES CAETANO
3001-2565;WEDERSON LEOCACIO MENDES
3001-2572;GLEISSON ROSA
3001-2576;VALDINELE RODRIGUES DE AGUIAR
3001-2577;JHONATA ALVES MIRANDA
3001-2582;THIAGO APARECIDO FRAZAO
3001-2594;CARLOS ROBERTO RIGO
3001-2608;JACKELINE LUCAS DOS SANTOS
3001-2609;HEITOR MORETE DE SOUZA MIRANDA
3001-2616;WILLIAM HENRIQUE NUNES
3001-2621;RICARDO LIMA GOMES
3001-2630;MARIA LUZIA SOARES MARTINS
3001-2635;YONNAS JUNIO QUATRINI DE PASSOS
3001-2638;JOAO CARLOS DOS SANTOS
3001-2639;LUCIANO FERNANDES
3001-2652;MIGUEL GONCALVES FILHO
3001-2662;SOCIEDADE RECREATIVA FILADELFIA
3001-2670;FERNANDO ROCRIGUES SOARES
3001-2671;RODRIGO PEREIRA DE ARAUJO
3001-2684;MARLI PATROCINIO
3001-2685;JOAO EMERICK ELER
3001-2698;RENATO DE SOUZA PERPETUO
3001-2703;LETICIA XAVIER DA SILVA
3001-2710;KEVIN SOUZA MEDEIROS
3001-2716;MATHEUS HENRIQUE BARBOSA SILVA
3001-2717;WARLEN CARVALHO DE SOUZA
3001-2729;JENNIFER SANTOS TEIXEIRA
3001-2738;HEITOR LEAL DA SILVA
3001-2748;MATHEUS HENRIQUE COSTA
3001-2749;EUSTAQUIO WEMERSON ALVES
3001-2782;DAWIDSON DA SILVA RIBEIRO
3001-2784;ALTAIR PEREIRA DE ARAUJO
3001-2787;ELIANE OLIVEIRA PEREIRA
3001-2799;GABRIEL DIAS MACHADO GONCALVES
3001-2820;YANA PATRICIA FERREIRA SILVA
3001-2821;FABIO VIANA SOARES
3001-2833;JOAO LUIZ MARQUES COSTA
3001-2861;VICTOR ANTONINO SILVA FREITAS
3001-2862;MARCO ANTONIO DOS SANTOS
3001-2863;MITRA DIOCESANA DE GOVERNADOR VALADARES 
3001-2878;ANDREZA RODRIGUES DA SILVA
3001-2889;ALINE ADRIANA BATISTA PONTELO
3001-2893;DAVI SILVA CAMPOS
3001-2896;LUCIANE FERREIRA MAGALHAES
3001-2901;CARINE DUTRA COSTA
3001-2906;SALVINO DIAS ROCHA NETTO
3001-2914;JOSE CARLOS DOS SANTOS
3001-2918;ANA PAULA SILVA OLIVEIRA
3001-2919;MARCILENE DIAS CHAVES
3001-2930;SUZANNE HENRIQUES
3001-2950;LETICIA SANTOS ROCHA
3001-2959;KAMILA RAMINHO DOS SANTOS SILVA
3001-2961;GEORGSON RAMOS AZEVEDO
3001-2970;IGOR GONCALVES DA SILVA
3001-2971;MAURICIO BARBOSA DA SILVA
3001-2988;NILZA MARIA DE SOUZA
3001-3006;FABIO DA SILVA CARVALHO
3001-3031;LEANDRO CORREA VIEIRA
3001-3035;DANIEL DOMICIANO MARTINS
3001-3037;JOSE MARCIO FERREIRA DUTRA
3001-3041;LUCAS PEREIRA DA SILVA
3001-3053;GILDECIO SILVA ARAUJO JUNIOR
3001-3074;KAYLLER LUIZ DUARTE LIMA
3001-3079;ASSADO E ASSIM
3001-3086;ALESSANDRO DA CONCEICAO PEREIRA
3001-3087;CARLOS HENRIQUE ALVES AMARAL
3001-3088;LEANDRO CESAR COSTA PORTO
3001-3089;JOAO PAULO RIBEIRO CAMPOS
3001-3090;SAMUEL DOS SANTOS
3001-3091;JOAB LEONARDO DE SOUSA ALVES
3001-3092;ALEX DA CONCEICAO PEREIRA
3001-3093;FABIANO CARCIOLARI RODRIGUES DOS SANTOS 
3001-3094;GESLARIEL DOS ANJOS PEREIRA
3001-3095;WALTER PAULINO DE OLIVEIRA JUNIOR
3001-3096;DIEGO EUSTAQUIO DO NASCIMENTO
3001-3097;WAGNER LEONARDO DA SILVA
3001-3098;SIMON SANTOS SOARES
3001-3099;PATRICK PEREIRA DE SOUZA
3001-3100;MARCELO MOREIRA MATOS
3001-3101;GUSTAVO AUGUSTO DIAS RODRIGUES
3001-3102;PAULO JHONATAS ZIMMERER BLANC
3001-3104;MATEUS RODRIGUES DOS SANTOS
3001-3105;LORENA POLIANA FERREIRA DA SILVA
3001-3106;ANDERSON TADEU FERREIRA MENEZES
3001-3107;GILBERTO PINHEIRO DOS SANTOS
3001-3108;AILTON GOMES DA SILVA LOPES
3001-3109;MATEUS GONCALVES DE OLIVEIRA
3001-3110;NYCOLLE NUNES GOMES DOS PASSOS
3001-3111;JOSE NOGUEIRA DE SOUZA
3002-0003;AMOS LEITE
3002-0009;CARLOS SANTOS DA SILVA
3002-0010;CLEBER MADALON RIBEIRO
3002-0014;DIOLINDO DA SILVA
3002-0015;DIRLEI INACIO DA ROCHA
3002-0028;GEZIO GODINHO DOS SANTOS
3002-0029;GILBERTO BORBA BINDA
3002-0035;IVANILDE MADALAO DA SILVA
3002-0037;JOAO GONCALVES FILHO ME
3002-0042;JOSE DE ALMEIDA
3002-0044;JOSE VICENTE DE OLIVEIRA
3002-0045;LEONARDO REVER MACHADO
3002-0051;MANOEL MARINO DA COSTA ZORZAL
3002-0052;MARCIA JANE MARIANO
3002-0056;MARILDA APRIGIO DIAS
3002-0060;NEACIR LUIZ
3002-0063;ONAIR RODRIGUES DE SOUZA
3002-0067;PAULO CEZAR MENDES SIQUEIRA
3002-0072;REYNALDO MAIA JARDIM
3002-0076;ROSIMAR CORCINO CUNHA LOPES
3002-0077;SANTIANE RAMOS DUARTE SOUZA
3002-0079;SIDINEIA GOMES
3002-0085;VANIA VIEIRA DA SILVA
3002-0086;VENINA APARECIDA MACHADO
3002-0089;WILSON ANTONIO ANASTACIO
3002-0102;MARIA JOSE CARDOSO PEREIRA
3002-0110;JOSE JOAO BORGES JARDIM CALHAU
3002-0134;RICARDO DE SOUZA LUCAS
3002-0135;HELINA SANTOS LOPES
3002-0136;MICHAELLA PAULA ESTER
3002-0147;ALICE WANDERLEY DA SILVA
3002-0149;WADRIAN FRANCISCO CANDIDO SOARES
3002-0160;CAMILLA CASSIA SILVA COSTA
3002-0185;GEIZIANE SILVA ROCHA
3002-0187;JAQUELINE PAULO DE OLIVEIRA VALADARES
3002-0192;PEDRO AMORIM PIRES JUNIOR
3005-0008;CONCEICAO PEREIRA C. COSTA
3005-0013;EDNA SOARES
3005-0029;LUCINEY PINTO DE MOURA
3005-0031;MARCUS VINICIUS GRACIOTT PACHEGO ME
3005-0047;VILMAR VALERIANO DE ARAUJO
3005-0052;ZILDA CARVALHO CAMPOS LUIZ
3005-0063;MARCOS ANTONIO DA SILVA
3005-0077;GABRIEL GOMES FERREIRA
3005-0088;MARIA CRISTINA PRATES ALES
3007-0006;FRANCISCO ITAMAR DE CAMPOS
3007-0011;JULIO CESAR FERNANDES COSTA ME
3007-0012;MARIA DA PENHA
3007-0026;ULTIMO DE CARVALHO
3007-0033;FSTHER AMBRUSIO COELHO
3008-0002;AILTON DE CASTRO PIRES
3008-0003;ALAIR CARRIJO DOS SANTOS
3008-0005;C CRISTINA RAMOS
3008-0006;DARCI ALVES
3008-0012;JESUS FERREIRA DA SILVA
3008-0016;JOSE CALAZARTE
3008-0017;JOSE SANTANA
3008-0020;LUCIANO JOVELINO MACHADO
3008-0021;LUIZ BERNARDO SOBRINHO
3008-0032;SILVANO SOUTO RABELO
3008-0039;JOAO BATISTA ERNESTO
3008-0061;ROMILDO VICENTE DA SILVA
3008-0065;DARLEY JOSE DE OLIVEIRA
3008-0069;MESSIAS RAMOS
3008-0072;LORENA AGUIAR DE SOUZA
3009-0003;AFRANIO DE OLIVEIRA
3009-0010;ARMINDO COELHO DOS REIS
3009-0018;FLAVIO PIRES DE OLIVEIRA
3009-0021;GERALDO FERNANDES MEDEIROS
3009-0026;JAIDER CANDIDO
3009-0032;JOSE CARLOS SILVA RODRIGUES
3009-0040;KISSYLA LUHARA DIAS SILVA
3009-0047;MARIA APARECIDA HONORARIO DA SILVA LEAND
3009-0055;PAULO BARROS DE SOUZA
3009-0063;TAMIRES LOPES RODRIGUES DE PAULA
3009-0066;VANDELINA CLARA
3009-0083;ADENONCIO CAETANO
3009-0090;VINICIUS DA SILVA OLEGARIO
3009-0094;NERIANI CAMILA TEODORO ALVES
3009-0100;DALMAR MORAIS SANTOS 38620464604
3009-0101;ANDRE LUIZ RIBEIRO
3009-0108;JARBAS LUCIANO
3009-0133;MEIRIVAM RODRIGUES TRINDADE
3009-0135;JANIA BRAZ DA SILVA ALMEIDA
3009-0140;LUIZ HOMERO ALVES ROCHA
3009-0152;CARLOS DANIEL SANTANA CORREIA
3009-0154;JANAINE DIAS LOURENCO
3009-0161;FABIOLA BERNARDES PEREIRA
3010-0001;ADRIANO ALVES PINTO
3010-0002;AFONSO PAIXAO DE JESUS
3010-0004;ANA ANGELICA GONCALVES DA SILV
3010-0010;ELCI MARIA PROCOPIO DE ARAUJO
3010-0011;ERIVAN ALVES DA SILVA
3010-0013;EVERTON DE SOUZA OLIVEIRA
3010-0020;JANDEL MENEZES PINTO
3010-0024;JOSE ALVES DE FARIA
3010-0043;SIDINEI AMARAL DA SILVA
3010-0049;JOSE DAS GRACAS SILVA
3010-0050;JOSE PEREIRA DA SILVA
3010-0054;RITA DE CASSIA GUIMARAES RIBEIRO
3010-0070;GABRIEL FERNANDES GUIAMARAES DE MATOS
3011-0014;MARLENE ROSA DIAS 01734626771
3011-0018;SAULO DE SOUZA
3011-0028;RUBYLAINE CABRAL BENTO DE SOUZA
3011-0033;ANA LUCIA RAINHA 02962589626
3011-0041;FRANCISMAR DE SOUZA LIMA
3012-0003;ANTONIO ROCHA
3012-0008;EDSON MARTINHO DE OLIVEIRA
3012-0009;EUNICEIA MARIA FRANZIN
3012-0012;HELIO FERREIRA DE AMORIM
3012-0020;LEONARDO FERREIRA DE CASTRO
3012-0022;MARCILENE DE SOUZA TEODORO
3012-0023;MIZAEL ROVEIO
3012-0025;NORIVAL BATISTA BRITO
3012-0027;REGIANE NUNES PRATES
3012-0028;RONALDO RIBEIRO DE AMORIM
3012-0029;ROZANE MARIA DE AQUINO SILVA
3012-0032;VANDERLEY ALVES DE SOUZA
3012-0038;EDILSON SOUZA OLIVEIRA
3012-0050;HELIO FEREIRA DE AMORIM
3013-0005;CARLONMAR CRISTIANO DE LIMA CA
3013-0016;GERALDO ANSELMO DE PAIVA
3013-0028;LUIZ JOSE DA SILVA
3013-0034;MARIA HELENA SANTOS DE ASSIS
3013-0035;MARIA SELIA OLIVEIRA E SILVA
3013-0038;NILO SERGIO SILVA CAMPOS
3013-0039;NISIO JOANA DA SILVA
3013-0046;SEBASTIAO DUTRA NETO
3013-0048;VANTERZIL PEREIRA DA PENHA
3013-0052;GERALDO LUIZ BARBOSA
3013-0054;JOAQUIM MARTINS PACHECO
3013-0055;SEBASTIAO DE SOUZA MENDES
3013-0057;JOSE GOMES FERNANDES
3013-0065;SUELI DIAS OLIVEIRA
3013-0066;LUCIA HELENA GREGORIO DA SILVA
3013-0075;MARIA APARECIDA DA SILVA MOREIRA
3013-0092;ULLIPE LUIZ DE LIMA
3014-0004;AGNALDO RIBEIRO
3014-0005;ALADIM LOUZADA NEVES
3014-0011;CEZALPINO MARTINS DO NASCIMENT
3014-0026;JOAO GONCALVES SOARES
3014-0028;JOSE CARLOS MACEDO
3014-0035;JOSE TEIXEIRA DURVAL
3014-0044;MARLENE MARQUES VASCONCELOS
3014-0045;MARLY CAROLINA DE SOUZA
3014-0054;SEBASTIAO JOSE
3014-0068;FERNANDA CRISTINA DE P SANTANA
3014-0070;HELIO DE SOUZA PEREIRA
3014-0071;MATHEUS HENRIQUE DE SOUZA ASSIS
3014-0076;JOSIANE GARCIA ANDRADE ALVES
3014-0094;KEILIANE FERREIRA GOMES DA SILVA
3015-0019;MARIA CRISTINA BATISTA UBERABA
3016-0007;CAPERGIANE CARLOS DE SOUZA
3016-0008;CARLOS CASTILHO MARCHEZE
3016-0009;CARMEM MARIA MENDES DA SILVEIRA
3016-0018;FRANCISCO DE PAULA RIBEIRO
3016-0022;IRIS ELIAS DOMINGOS
3016-0023;JAIDER MOREIRA DE OLIVEIRA
3016-0027;JOSEFA GOMES BARBOSA
3016-0028;JUCELIA CARDOSO DE SA
3016-0030;KATIA MACHADO VIEIRA LIMA
3016-0031;LUIZ CARLOS ROSA MAIA ME
3016-0032;MANOEL FERREIRA DO NASCIMENTO
3016-0040;NELSON RIBEIRO CALDEIRA
3016-0046;SERAFIN PEREIRA DOS SANTOS
3016-0047;SIRLANDE GIL DE OLIVEIRA DA SILVA
3016-0053;VANDIRIO RAMOS DE JESUS
3016-0065;MARIA DO CARMO FERREIRA SANTOS
3016-0070;WILLIAN CANDIDO CARVALHO
3016-0077;MARCIA BASILIA DE MELO
3016-0800;MARCELO AUGUSTO S.SENA
3016-0801;KEILA ROCHA MOTA
3016-0808;WILSON FERNANDES COTA LEITE
3016-0810;MARCIELLE FERNANDES SILVA 10035527650
3017-0002;ALICILERNE SILVA CORREIA
3017-0003;CARLOS GERALDO
3017-0005;CLAUDINEIA BATISTA
3017-0006;DEVANIR PEREIRA DE SOUZA
3017-0008;ELIO RODRIGUES SOBRINHO
3017-0009;ELIZABETH CRISTINA DA CRUZ PEREIRA
3017-0010;ELSON FERREIRA DOS SANTOS
3017-0019;JOSE GOMES LEAL
3017-0024;LAURA DE JESUS
3017-0025;LUCELIO PEREIRA CAMARGOS
3017-0026;LUCIMAR FERREIRA DE SOUZA
3017-0029;MARCOS ANTONIO CORREA
3017-0032;NELIA SERAFIN DA SILVA
3017-0034;NEUZA MARIA DE OLIVEIRA
3017-0036;PATRICIA BARCELOS DE AGUIAR
3017-0066;GILBERTO DE CARVALHO FRAGA
3017-0804;CLEITON DIEGO BORGES BOTELHO
3017-0805;EDIANE FILGUEIRA
3017-0806;ERIC FERREIRA COSTA
3017-0810;RONILSON NICODEMOS DA SILVA
3017-0812;DIASSIS MOREIRA DIAS
3018-0005;EMERSON RODRIGUES DA SILVA
3018-0008;MARIA HELENA PINHEIRO
3018-0009;MARILZA TEIXEIRA
3018-0013;SOLANGE FERREIRA DA SILVA MOTA
3018-0017;JOSE INACIO DE OLIVEIRA
3018-0032;LUCAS GABRIEL EQUER
3019-0002;ADAUTO DE SPUZA COELHO
3019-0003;ALDINA GOMES COSTA
3019-0006;ANILDA PEREIRA DA FONSECA SILV
3019-0007;ARY PEREIRA DE PAIVA
3019-0011;EDIMILSON BATISTA DA CUNHA
3019-0012;ELCE HENRIQUE GOMES DE ARAUJO
3019-0018;HELCIO DE SOUZA AMARAL
3019-0025;LEVINGSTON RIBEIRO
3019-0026;MANOEL COSTA DE MOURA
3019-0030;MARIA DO CARMO ARRUDA BICALHO
3019-0035;MOACIR FERNANDES
3019-0037;OSVALDINA PEREIRA DE OLIVEIRA
3019-0042;VANDERLUCIO ALVES DA SILVA
3019-0043;VINICIUS ADRIANNO RIBEIRO DE OLIVEIRA
3019-0044;GERALDO DA C E SILVA MERCEARIA
3020-0008;CLAUSEMIRO PEREIRA LEITE
3020-0010;EDVAN LIMA DE ASSIS
3020-0020;JURANI RODRIGUES PEREIRA
3020-0028;NAIRO GONCALVES MARTINS
3020-0044;JOSE DE BARROS SOBRINHO
3020-0060;L. SCHULZ
3021-0008;ASAU JOSE CORREIA
3021-0009;CARLOS REDUZINO DA SILVA
3021-0013;ELANE TEOPLA LAGE CARLOS SILVA
3021-0016;GUSTAVO JEAN DA CUNHA
3021-0018;IVONE MARIA DE JESUS RODRIGUES
3021-0020;JAIR SOARES DA SILVA
3021-0024;JOAO RIBEIRO DA SILVA
3021-0029;JOSE MACHADO DA SILVA
3021-0031;JULIO RAMOS DE SOUZA ME
3021-0039;MARIA REGINA DE ANDRADE FIALHO
3021-0041;NEIDIMAR MARIA RODRIGUES DE CARVALHO
3021-0051;PEDRO ALVES DOS REIS
3021-0052;PEDRO ROSA DA SILVA
3021-0071;MARIA DE LOURDES RODRIGUES RIBEIRO
3021-0090;LUCIENE MARIA DA SILVA
3021-0101;WANDERLEY MARTINS DA SILVA
3022-0012;GABRIEL HENRIQUE HONORIO DE CASTRO
3022-0014;JAIR SEBASTIAO DOS REIS
3022-0022;RENATO ELIAS LUCAS
3022-0025;SALETE SEVERINA INACIO
3022-0027;SEVERINO MARCHIOLLI
3022-0032;ELIANE DE SOUZA ROZARIO
3022-0034;RONALDO ZORZAL STEFANOM
3022-0045;RAFAEL LEITE LOPES
3022-0052;SARA JESSICA DE PAULA BALDON
3023-0003;BRUCE WILLES GOMES LIMA
3023-0011;JOSE MARIA PEREIRA SANTOS
3023-0013;JOSE RIBEIRO DOS REIS
3023-0016;SERGIO SANTOS LIRA
3024-0011;ARGENICO FERREIRA DA SOUZA
3024-0030;EDIMAR FIORI
3024-0031;EDMARA BARBOSA PIMENTA
3024-0033;EDUARDO CORREA DE FARIA
3024-0038;ELSON ALVES DURVAL
3024-0043;G DA SILVA
3024-0051;IVANI DOMICIANO DA CUNHA
3024-0052;IZABEL INACIO SILVA LEOPOLDO
3024-0056;JOAO BATISTA GOMES
3024-0071;LORIVALDO GERALDO FILHO
3024-0094;ROZANA ALVES DE FREITAS GOMES
3024-0100;SONIA BATISTA DOS SANTOS
3024-0101;TULIO PENA EMERICK
3024-0140;ELIAS RODRIGUES DE OLIVEIRA
3024-0152;JULIANO TEIXEIRA DA SILVA
3024-0172;EDSON MORAIS DA SILVA
3024-0174;JEAN FELIPE CAMPOS
3024-0193;DEYVIDIANE RAFAEL GOVEA
3024-0195;CISENIR SILVERIO FILHO SINDRA
3024-0199;JOICE SOARES DE SOUZA
3024-0803;FARLEY FERREIRA DA SILVA
3024-0805;ELIAS JOSE BASTIANELI
3024-0806;MARLON WEVERTON DE OLIVEIRA
3024-0810;JULIANO ANTONIO DE OLIVEIRA
3024-0811;GABRIEL FERREIRA DE POUCO
3024-0813;OSMAR LUIS ALVES
3024-0818;BRUNA MARTINS DE OLIVEIRA FERREIRA 12277
3024-0821;T. A. DE OLIVEIRA
3024-0822;SAMUEL P DOS SANTOS
3025-0002;ALAESSE RICARDO MARQUES
3025-0004;ALEX REIS DE SOUZA
3025-0006;CARLOS HENRIQUE FRANCA SOUTO
3025-0010;DULCILENE NASCIMENTO SOUZA
3025-0017;ILDEU ANICIO DE ARAUJO
3025-0021;JOSE MARIA PEREIRA
3025-0029;MARIA DA CONCEICAO ALVES DOS ANJOS
3025-0038;PALMIRA SOARES DOS SANTOS
3025-0055;EBER VITURINO RIBEIRO
3025-0066;KENIA PEREIRA DA SILVA
3025-0072;PAULO ARAUJO
3025-0074;WESLEI FERREIRA DOS SANTOS
3025-0075;CLAUDIANA APARECIDA DE SOUSA
3025-0801;BIANCA ANGELI NORAO
3025-0806;EDILSON SOUZA OLIVEIRA1
3025-0807;GILMAR ALVES DA SILVA 03372988663
3026-0001;ADELIPIO GOMES DE BRITO
3026-0002;ARMANDO GONCALVES DE SOUZA
3026-0011;SERAFIM F SANTOS
3026-0013;PATRICIA FERREIRA SILVA
3026-0016;VANDERLEI GILBERTO GONZATTO
3027-0017;SIDONIO DE JESUS SILVA
3027-0018;THIAGO DE MAGALHAES BARBOSA
3027-0021;WILSON BARBOSA DOS REIS
3027-0022;ZILMA ALVES SOARES JANUARIO
3027-0023;MARIA DAS GRACAS
3028-0001;ADILSON BRAGA DUPIM
3028-0006;ELIAQUIM GOMES DOS SANTOS
3028-0008;GERALDO GONCALVES CARDOSO
3028-0009;GERALDO JESUINO DA SILVA
3028-0013;JOAQUIM RODRIGUES ROCHA
3028-0016;JOSE DAS DORES ALVES PINTO
3028-0021;LUCIO CARLOS DE OLIVEIRA
3028-0025;NELCI RODRIGUES DE MIRANDA
3029-0001;DEUSODETE LUCINDA DUPIM
3029-0007;MARIA APARECIDA DA COSTA
3029-0013;MANOEL PEREIRA CANARIO JUNIOR
3030-0008;DEVILTON MARTINS DE SOUZA
3030-0024;MARIA MARTINS DE SOUZA
3030-0025;NARCELIO MATOS DE OLIVEIRA
3030-0030;SUELI PEREIRA COUTO
3030-0055;VENANCIO MIRANDA DE OLIVEIRA
3031-0001;ALEX BATISTA DOS SANTOS
3031-0003;ALZIRA VIEIRA GOMES
3031-0009;DELMIRO VALADARES DE ANDRADE
3031-0017;IVANETE APARECIDA DE OLIVEIRA SILVA
3031-0018;J CLAUDIO DA SILVA
3031-0021;JOSE ALEIXO DOS SANTOS
3031-0022;JOSE FARIAS
3031-0025;JOSE MENDES
3031-0026;JUVENAL PEREIRA
3031-0034;MARIA DA SILVA JUNIOR PEDRO
3031-0035;MARIA ONETE GOMES
3031-0037;MARLENE DIAS COELHO 73045497691
3031-0042;ROSANGELA MARINS DOS SANTOS
3031-0046;SEBASTIAO PROCOPIO SANTOS
3031-0047;SERGIO DE SOUZA DE OLIVEIRA
3031-0048;TEREZA MIRANDA ALVES
3031-0050;VALDECY VALADARES DE ANDRADE
3031-0056;JOAQUIM ABDOM ROBERTO
3031-0060;ADRIANO RODRIGUES NEVES CPF 08484480739 
3031-0071;WESLEY DO NASCIMENTO DE SOUZA JUNIOR
3031-0091;NEUZELI DA COSTA ARAUJO OLIVEIRA
3032-0006;ELIO GOMES BATISTA
3032-0009;ILKA FERREIRA GOMES
3032-0014;JOSE HENRIQUE BATISTA
3032-0028;VALDEVINO ROSA
3032-0040;SIMONE APARECIDA PAIVA CORREIA MERCEARIA
3032-0047;EDSON ALVES DOS SANTOS
3034-0012;CELSO ELIAS GONCALVES DIAS
3034-0017;DELIZETE RODRIGUES ALVES
3034-0022;ELIZABELA DA SILVA ENTRINGER
3034-0024;EMILENA DE OLIVEIRA
3034-0028;IVONETE ALMEIDA DE OLIVEIRA GONCALVES
3034-0029;JAIR FERNANDES FELIPE
3034-0037;LENIRA MARIA DE AGUIAR MEDEIRO
3034-0045;MARLENE MEDEIROS ANTUNES
3034-0066;VANUZA GOUVEA FIAIS
3034-0076;LUIZ CARLOS DA COSTA
3034-0083;JOSE VITAL DA ROCHA
3034-0088;LUIS HENRIQUE BARBOSA JACINTO
3034-0097;HELIO SILVA DE ASSIS MOTA
3034-0105;ADAUGESIA MARIA BASTOS REPOSSI
3034-0107;MARCIO BASTOS DE OLIVEIRA
3034-0111;SIMONE DEITRICH DE ASSIS CASTRO
3034-0115;SARTUNINO ECCEL NETO
3034-0116;SONIA DAS GRACAS CORDEIRO DA SILVA
3034-0118;EDMILSON JOSE BONINI RAMOS
3034-0122;DAIANE DA SILVA MEDEIROS ALVES
3034-0137;SAVIO CREMASCO MONECCHI SIMOES
3035-0001;ADEMIR PINTO
3035-0007;GERALDO SOARES DE ANDRADE
3035-0013;JOSE RAIMUNDO N VASCONCELOS
3035-0016;JOSE VICENTE FERREIRA
3035-0019;MARIA BRITO DE SOUZA
3035-0020;MARIA DAS GRACAS DA SILVA
3035-0021;MARIA JOSE DE OLIVEIRA
3035-0023;MARLI LEITE LIMA DE PAULA
3035-0026;PAULO DIAS BRAGANCA
3035-0027;RITA GOMES NETO
3035-0028;RONALDO DIAS DOS SANTOS
3035-0029;SEBASTIAO FERREIRA SANTOS
3035-0031;WILSON SOARES DE ANDRADE
3035-0033;JOSE RIBEIRO DA SILVA
3035-0042;NEWTON INACIO DA SILVA
3036-0001;ABEL LUIZ GONCALVES
3036-0003;ELZA FAZOLO DUTRA
3036-0006;MARIA DE PENHA OLIVEIRA NEVES
3036-0018;MARIA VIEIRA DE ALMEIDA
3036-0019;CRISTIANO VIEIRA DA SILVA
3037-0005;CRISTIANE NEVES DE BRITO REIS
3037-0010;PEDRO ALBINO AMBROSIO
3037-0011;WANDERLEI FERRAZ LEONARDO
3037-0020;ALCENDINO SOARES MARTINS
3037-0021;WELBERTE VALERIANO DE OLIVEIRA
3038-0002;DIMAS AMBROSIO DE MOURA
3038-0004;JOSE FARIAS DA PAIXAO ME
3038-0005;OLAVIO AMBROSIO DE MOURA
3038-0006;SEBASTIAO FLOR NUNES
3038-0009;GERSON TAVARES DE SOUZA
3038-0011;CLEBERSON JOSE DA SILVA
3038-0012;ELPIDIO FRANCISCO DA SILVA
3039-0004;EDMAR OLIVEIRA E SILVA
3039-0010;JANDIRA MARIA DE OLIVEIRA MALTA
3039-0014;LAIR MARTINS EURIQUES
3039-0015;LUCAS ROSADO RIBEIRO E SILVA
3039-0021;WANDERSON NUNES DA SILVA
3039-0026;TEREZINHA MARIA GONCALVES
3039-0029;ALDAIR RODRIGUES DE ARAUJO
3039-0035;MARCOS VICENTE NENDES
3039-0038;LAINA LEONEL DE ABELAR
3040-0008;GERALDO OLIVEIRA MAURICIO
3040-0012;JOAO BATISTA DA SILVA
3040-0014;JOSE VITORIO DE SOUZA
3040-0015;JOSIAS MARIANO DA SILVA
3040-0023;SEBASTIAO PEDRO DA SILVA
3040-0802;FABIANA DO CARMO SANTOS
3041-0003;ANA PAULA NAZARETH OLIVEIRA
3041-0005;ANTONIO LUIZ DA SILVA
3041-0007;DEMILSON MADEIRA
3041-0009;EMILSON JULIO DE ALMEIDA
3041-0011;FRANCISCO CARLOS RODRIGUES
3041-0016;ILDEU OLIVEIRA E SILVA
3041-0021;JOSE RODRIGUES PRIMO
3041-0023;MANOEL RODRIGUES DA SILVA
3041-0048;JOSE JUVENTINO COSTA
3041-0051;VICTO BRUNO LOPES CEBOLA
3041-0066;FARLEY JUNIOR AGUILAR OLIVEIRA
3041-0068;ANDRE GOMES ANDRADE
3042-0017;ONOFRE MACIEL DA SILVA
3043-0002;ALMI MARIA ROSA
3043-0004;DAIANE PEREIRA ANDRADE
3043-0005;EDSON AGUIAR LEITE
3043-0008;HAILTON DIAS DA SILVA
3043-0009;JOAO ADRIANO DA SILVA
3043-0010;JOAQUIM RAIMUNDO CARDOSO
3043-0011;JOSE ATANASIO PEREIRA
3043-0013;JOSE LUCIO DOS SANTOS
3043-0014;JOSE MARINHO PEREIRA
3043-0017;KARINA GONCALVES DE SOUSA
3043-0020;MARIA APARECIDA DE OLIVEIRA
3043-0021;MARIA APARECIDA VENANCIO DA SILVA
3043-0025;RAIMUNDO LEITE PINTO
3043-0032;GERALDO SOARES DA COSTA
3043-0039;VANDA DA SILVA NETO
3044-0005;CLAUDIA SIMONE DA SILVA
3044-0011;EMILIO BARBOSA DA CRUZ
3044-0018;MARIA DAS DORES CONTIM SANTIAGO
3044-0021;ODILON ANTONIO DA CUNHA
3044-0022;SIMONY MARIA DE FREITAS
3044-0025;CARLOS AUGUSTO DA SILVA
3044-0029;LUCAS SILVA DE FREITAS
3045-0002;ALCINO DE ALMEIDA SANTA
3045-0003;ALISON NEIVA DIAS
3045-0005;CELITA COSTA GOMES
3045-0007;DAIRTON DE MOURA
3045-0009;ELIANA MARIA DE SOUZA
3045-0010;EVA MARIA BENTO
3045-0014;GERALDO MAGELO PINTO
3045-0015;GILMAR COELHO DA ROCHA
3045-0017;HELENA AUGUSTA DE FARIA SILVA
3045-0019;HILDA FIALHO
3045-0020;JOAO MACHADO PEREIRA
3045-0023;JOSE MARTINS LANA
3045-0025;LILIA DA SILVA COELHO
3045-0038;PEDRO BARROSO
3045-0042;SONIA MARIA DA SILVA PRADO
3045-0045;TATHIANE HELENA BATISTA
3045-0055;DINAR INACIA DA CUNHA GONCALVES
3045-0057;MARCONE HENRIQUE GOMES
3046-0001;ACINESIO PATRICIO DE OLIVEIRA
3046-0005;CELI FERREIRA DE OLIVEIRA
3046-0008;DELVANIO MEDEIROS GUIMARAES
3046-0010;ELIANE VENTURA RODRIGUES DE OLIVEIRA
3046-0015;HELENA BATISTA DE OLIVEIRA
3046-0017;IZALTINO PEDRO DA SILVA
3046-0023;JOSE NUNES TEIXEIRA
3046-0025;JUSCIANA MEIRELES PEIXOTO
3046-0033;ROSANIO DE SOUZA ALVES
3046-0039;WILSON ROCHA
3046-0040;WILSON GOMES DE SOUZA
3047-0003;ALESSANDRO LOPES PEREIRA
3047-0006;BERNARDA DE MIRANDA RIBEIRO
3047-0009;DAZIO SANCHES BESSA
3047-0012;EDNEUZA RODRIGUES MENDES
3047-0016;GILMAR MACIEL DA CRUZ
3047-0025;JOSE DA SILVA COSTA
3047-0030;MARIA APARECIDA DA SILVA MATOS
3047-0032;MARIA RICARDINA DOS SANTOS
3047-0037;REGINALDO ASSUNCAO PASSOS
3047-0039;SANDRA MOREIRA BRAGANCA
3047-0041;SIDNEI MOREIRA DE OLIVEIRA
3047-0045;ADAO GERALDO DO NASCIMENTO
3047-0053;MARIA DE LOURDES FERREIRA
3047-0060;ANA CAROLINA GOMES FERREIRA
3047-0065;SUELEM PEREIRA BESSA
3047-0801;MARIA DE LOURDES FERREIRA SILVA 19247091
3047-0803;EDILSON AMBROSIO DOURADO FILHO 103463216
3047-0804;ROSANA LUIZA DA FONSECA 14927477851
3048-0019;INTELBRAS S/A-IND DE TEL ELET BRASILEI
3685-0001;PISANI PLASTICOS SA
4000-0001;PLASTABLE INDUSTRIA DE PRODUTOS PLASTICO
4001-0040;ADMILSON DE OLIVIERA SANTOS
4001-0047;ADRIANO DOS SANTOS MATOS
4001-0056;AIANDRA SCHWEIGHOFER ALBUQUERQUE
4001-0073;ALEXANDRE DE LIMA BARBOSA
4001-0089;ALTAMIRO NUNES LEITE FILHO
4001-0103;AMAURY GONCALVES SILVA
4001-0110;ANA GABRIELA SULZ BARROS BARBOSA
4001-0112;ANA LUIZA SOARES DE ALMEIDA
4001-0185;AUGUSTO RODRIGUES BARBOSA
4001-0199;BEATRIZ MARIOTTI AZEVEDO 01463326602
4001-0224;CARLOS ANTONIO LUIZ DE OLIVEIRA
4001-0230;CATIA COELHO DA SILVA
4001-0249;CLARISSA CARDOZO DE SOUZA
4001-0255;CLAUDIO ADAO PACHECO DE SOUZA
4001-0262;CLEDSON VIEIRA RODRIGUES 09719839686
4001-0280;CRISTIANE LISBOA DUQUE
4001-0282;CRISTOPH PAUL SCHUMAN
4001-0309;DENISIO MOREIRA SANTOS 09562037606
4001-0321;DIOGO AUGUSTO BOTELHO ARAUJO
4001-0364;EDNA LIMA DIAS
4001-0380;EDWALDO MELO JUNIOR
4001-0497;GESSIRLEI SALES DOS SANTOS 07882690627
4001-0515;GILVANIA GONCALVES ALMEIDA
4001-0555;HUSTON METZKER 03440381650
4001-0557;IARA ALVES BASILIO
4001-0608;JACQUELINE MACIEL
4001-0613;JAMERSON SCHIMIDT
4001-0623;JASLI PEREIRA DAMACENA
4001-0624;JAYME SOARES DA SILVA
4001-0649;JOAO FRANCISCO ALVES
4001-0687;JOSE ADILSON DA SILVA
4001-0696;JOSE BORGES DE OLIVEIRA
4001-0705;JOSE DE OLIVEIRA LIMA
4001-0742;JOSE RODRIGUES BARBOSA
4001-0746;JOSE TORQUATO BARBOSA LIMA
4001-0759;JOUBERT MATOS CANTAO 12442753600
4001-0760;JOYCE HENNIKE DE OLIVEIRA 07955948602
4001-0762;JOZINO NOGUEIRA TELES
4001-0769;JULIANA SANTOS PEREIRA
4001-0772;JULIO PEREIRA CARDOZO
4001-0801;LAZARO PAIXAO SANTANA
4001-0810;LIDIOMAR FRANCISCO BITENCOURT
4001-0815;LINDAURA BARBOSA
4001-0825;LUCAS RAMOS FIRME
4001-0830;LUCIANO JARDIM LAGO
4001-0879;MARCIO GOMES DE OLIVEIRA 90432649620
4001-0887;MARCOS VINICIUS ALVES DE OLIVEIRA
4001-0949;MARIA LUIZA GOMES RODRIGUES
4001-0995;MAYKON KENNEDY COIMBRA
4001-0996;MAYKON PEREIRA DA SILVA 13137775604
4001-1019;NANETE FRANCISCA SANTANA
4001-1020;NATANAEL JOSE DE SOUZA
4001-1022;NEIDE ANTUNES LUIS
4001-1035;NOBERTO PETZOLD
4001-1036;NOBRE PALACE HOTEL
4001-1062;OSVALDO DE SOUZA PASSOS
4001-1110;RAFAELA PEREIRA BISPO
4001-1121;REIGIANE COSTA RENON SANTOS
4001-1128;RENATA PEREIRA DE MELO NASCIMENTO
4001-1151;ROBERTO RIBEIRO AMARAL
4001-1173;ROSELI RAMOS DE CARVALHO 66958440625
4001-1195;SALETE BATISTA ROCHA FERREIRA
4001-1199;SANDRA RODRIGUES CONTAO
4001-1230;SIDNEI PETZOLD SILVA
4001-1244;SINVALDO PEREIRA FERNANDES
4001-1248;SIRLENE GONCALVES DA SILVA MARTINS
4001-1258;STELLA MOREIRA LISBOA
4001-1278;TEONILA PINHEIRO PEREIRA
4001-1279;TEREZA RIBEIRO DA MOTA
4001-1283;TIAGO FREITAS XAVIER
4001-1285;TORINO BARREIROS
4001-1287;UILSON ALVES LOPES
4001-1295;VALDECIR MARTINS GABRIEL
4001-1302;VALDETE DA CONCEICAO SANTOS
4001-1307;VALDIVIA DE NOVAIS SANTOS
4001-1338;VILMAR DA MOTA LEAL
4001-1350;WALDETE RODRIGUES DE OLIVEIRA
4001-1351;WALFRIDA EMMA KOPITTKE PINTO
4001-1352;WALLACE BOTELHO ARAUJO
4001-1367;WILSOM SILVA SANTANA
4001-1396;ELISABETE DOS SANTOS FLORES
4001-1430;GABRIELA GOMES DOS SANTOS
4001-1450;EDLENE NOBERTO DE SOLZA
4001-1468;SERGIO MACHADO PEREIRA
4001-1489;NILTON CESAR DE OLIVEIRA
4001-1524;ANTONIO CARLOS GONCALVES DOS R
4001-1533;CARLOS ANTONIO DE OLIVEIRA
4001-1557;JOAO BATISTA GONCALVES
4001-1558;JOAO FRANCISCO LUZ PEREIRA
4001-1614;GABRIEL HERMES LEAL
4001-1627;MARCUS VINICIUS QUEIROZ JUNCA
4001-1629;GLAUBER FERRAZ TEIXEIRA
4001-1643;JESSICA KELLER DA CUNHA
4001-1644;JOAO PEDRO PEREIRA OLIVEIRA
4001-1656;ELIANA FERREIRA DE SOUZA
4001-1664;TAINA SOUZA GORGES
4001-1668;ARTUR ALBINO DE OLIVEIRA NETO
4001-1676;RONALDO RAMOS DA CRUZ
4001-1678;THALES PEREIRA SALDANHA
4001-1681;LIVIA TOLENTINO FERREIRA
4001-1686;SERGIO MOREIRA FRANCO
4001-1688;KETLEY MATHEUS COLEN ROCHA
4001-1692;BEATRIZ COELHO DOS SANTOS
4001-1700;CARLOS COELHO
4001-1724;ALESSANDRO WILHELM HENNIKE
4001-1732;RAFAEL GUSMAO DIAS SVIZZERO
4001-1735;PAULO TARSO LAENDER DUPIN
4001-1747;MARCILIO DOS ANJOS ALMEIDA FILHO
4001-1763;LUANA LIMA RIBEIRO
4001-1785;JUSSARA GOMES FERREIRA DA CRUZ
4001-1791;GABRIEL RAMOS PINTO
4001-1794;LEANDRO GUEDES BORBOREMA
4001-1797;FELIPE DELLEON VIEIRA DE OLIVEIRA
4001-1807;CARLOS EDUARDO BARBOSA IGLESIAS
4001-1816;WICTOR WITTIG
4001-1820;JOAO VICTOR AZEVEDO SENA
4001-1839;ORLANDO DA COSTA AGUIAR
4001-1849;ALTAMIRO DE SOUZA DA SILVA
4001-1851;VALMIR NUNES PEREIRA
4001-1852;CARLOS LOPES PINHEIRO
4001-1854;EVERALDO DIAS PEREIRA
4001-1856;MOACIR MONTEIRO DE AGUIAR
4001-1857;LUIS CARLOS MARTINS DA COSTA
4001-1859;RENATA GOMES BARCELLOS
4001-1862;DIXIANE RAMOS SENA
4001-1864;OSVALDO CESAR DE JESUS RAMOS
4001-1865;CLEITON FERREIRA PORTO
4001-1866;KATIA DE JESUS GONCALVES SIQUEIRA
4001-1868;BRENO DA COSTA TUDEIA 08238771676
4001-1870;ALINE RIZIA SANTOS PINHEIRO
4001-1874;DANILO AMARAL SOUZA
4001-1876;JOUBERT MATOS CANTAO
4001-1877;GIHAN FERREIRA MATOS
4001-1879;JOSE MARTINS DE SOUZA
4001-1880;JOSE LOPES DOS REIS
4001-1881;VALNETE DIAS DE OLIVEIRA
4001-1883;LINDOLFO F. DO CARMO
4001-1886;JERCIL RODRIGUES DA SILVA
4001-1887;NILSON BATISTA MATOS
4001-1888;ROBERTO CARLOS F CARDOSO
4001-1889;MARIA GLADYS S SOARES SANTOS
4001-1890;VALDERLEI ARAUJO FERREIRA
4001-1891;DIOCIDA DE JESUS
4001-1892;IVANETE DA SILVA PACHECO
4001-1893;ANTONIETA SOARES SANTOS
4001-1903;ANTONIO CARLOS DA SILVA PRATES
4001-1911;ADENILCE SILVA GOMES 04688528671
4001-1912;IAGO DE JESUS MASCARENHAS 0617008566
4001-1926;HELIO FERREIRA DE JESUS
4001-1944;CLEBER CATULE CESARIO JARDIM
4001-1972;FERNANDO LOPES BARBOSA
4001-1982;JENIFFER AFONSO DA SILVA
4001-2002;RODRIGO PEREIRA DA SILVA
4001-2004;AILTON DA SILVA ROCHA
4001-2005;ZICO RODRIGUES NUNES
4001-2006;EDUARDO NUNES ARAUJO
4001-2007;ADEMAR DIAS DO NASCIMENTO
4001-2008;EDNO JOSE MIRANDA JUNIOR
4001-2010;ALICE PEREIRA DE SOUZA 11452097690
4001-2012;PEDRO HENRIQUE DA SILVA VIEIRA
4001-2022;NILSON SERQUEIRA SILVA
4001-2024;WASHINGTON MESMER DE SOUZA
4001-2025;RENATO LIMA PINHEIRO
4001-2050;ELTON RENATO GOMES
4001-2068;JARY SOARES DE MENDONCA
4001-2071;RAFAEL LISBOA PUNGIRUM
4001-2074;RODRIGO GONCALVES ALVES
4001-2076;MATHEUS FERREIRA DE FREITAS
4001-2077;SAMUEL LADEIA GANEM
4001-2082;ALESSANDRA SOARES DA COSTA
4001-2094;LUCAS DIAS PEREIRA NUNES
4001-2095;GRACIANO JOSE FERREIRA JUNIOR
4001-2120;RENANDERSON CARVALHO PERUHYPE
4001-2131;MATHEUS HENRIQUE FERREIRA SILVA
4001-2136;DANILO BATISTA SEDLMAYER
4001-2137;MATHEUS BARBOZA GOMES
4001-2139;JEFFERSON HERMANN LONGHOLZ
4001-2140;ALTAMIRO BARBOSA DE OLIVEIRA
4001-2148;LUCAS ANDRADE TOLETINO
4001-2155;PAULO VICTOR ALMEIDA DOS SANTOS
4001-2158;VICTOR HUGO RODRIGUES DE SOUSA
4001-2159;JOAO CARLOS DA SILVA LEMES
4001-2167;GESSYCA BARBOSA REAL
4001-2168;PEDRO HENRIQUE ALVES MENDES BALDOW
4001-2172;HELDER JUNIOR DOS SANTOS SILVA
4001-2173;LUZEMAR DIAS PEREIRA
4001-2174;THALES ELIAS DA CRUZ
4001-2175;CHARLES PEREIRA DE SOUZA
4001-2185;BENJAMIM DOS SANTOS FONSECA
4001-2186;EDMAR HIRLE GUIMARAES
4001-2187;MARCILIO MAIA DE BARROS
4001-2188;ANTONIO CARLOS NUNES FERREIRA
4001-2189;GUSTAVO HENRIQUE MENDES BELLI
4001-2190;ELIZEU CARDOSO DE SOUZA
4001-2192;JOHNNATAN ALVES PINHEIRO
4001-2198;ERMINIO PARDIM MOREIRA
4001-2199;HUDSON NUNES NEUMANN
4001-2200;THAWAN DA SILVA RODRIGUES
4001-2204;ADRIANO SANTOS PEREIRA
4001-2205;ALMIR DOS SANTOS COIMBRA MOTA
4001-2211;FELIPE DE OLIVEIRA SANTOS
4001-2213;KAIQUE MATHEUS PEREIRA RODRIGUES
4001-2214;SIDNEI FERREIRA SANTOS
4001-2216;RODRIGO ZAPULA BASTOS
4001-2229;IANA MANUELA MIRANDA ROCHSTROCK
4001-2231;CLEIDE NOGUEIRA
4001-2233;MAIKON MOREIRA SANTOS
4001-2238;GENESCO FERREIRA DOS SANTOS
4001-2263;MIQUEIAS GONCALVES MARTINS
4001-2268;DELVANO PINTO DA SILVA
4001-2269;RAI COLARES CARLECH
4001-2274;NARCISO JUNIO ESTEVES
4001-2276;FLAVIANO DA SILVA RIBEIRO 07551261656
4001-2288;MARINALVA EUGENIO BORGES
4001-2300;GILVARDO BRANDAO DE SOUZA
4001-2317;DANIEL SILVA FERNANDES
4001-2318;BRENDA FEIDLER COLARES
4001-2322;FRANCIANE DIAS SOUZA
4001-2326;RYAN PEDRO BARBOSA FONSECA
4001-2335;JULIO CESAR PEREIRA BOTH
4001-2336;MICHAEL MARTINS PEREIRA
4001-2339;MATEUS PEDROSA DE OLIVEIRA
4001-2341;FAGNER FERREIRA DOS SANTOS
4001-2345;EDIO DE SOUZA SANTOS
4001-2357;LUIZ FERNANDO RODRIGUES DA SILVA
4001-2361;KARINE FERNANDES SILVA
4001-2368;DOUGLAS VIANA DE JESUS
4001-2370;QUESIM ISAIAS MARTINS DA SILVA
4001-2371;CASSIANA APARECIDA PEREIRA CARDOSO
4001-2376;VITOR BARBOSA DE MELO
4001-2382;DIOGO FERREIRA LOPES
4001-2384;GILVANIO PEREIRA DOS SANTOS
4001-2388;ELIEIDE FERREIRA MIRANDA
4001-2391;KATIUSCIA FIEDLER ALMEIDA
4001-2395;FREDERICO NEUMANN
4001-2405;MARCIO SERGIO SENA LIMA
4001-2406;LUCAS MOREIRA GOMES SAMPAIO
4001-2409;MITRA DIOCESANA DE TEOFILO OTONI
4001-2410;AILTON FERREIRA DA COSTA
4001-2411;VITOR ALVES DA SILVA
4001-2414;ROSDIVAL NOGUEIRA DA SILVA 32333730749
4001-2427;MACIEL RODRIGUES COSTA
4001-2437;RAMON JARDIM CONTAO
4001-2439;WILMAR BATISTA LARES JUNIOR
4001-2447;FELIPE ONOFRE FERREIRA
4001-2457;THIAGO RIBEIRO GONCALVES
4001-2460;EVERTON ARAUJO SANTOS
4001-2462;ALESSANDRO DE JESSUS PASSOS
4001-2465;BRUNO SILVA SOUZA
4001-2469;WESLEY DUQUES SOUZA
4001-2474;PAULO SERGIO ALVES AMORIM
4001-2481;DENILSON ALMEIDA MENDES
4001-2491;PARTIDO DOS TRABALHADORES
4001-2492;THIAGO AUGUSTO COSTA FERREIRA
4001-2512;REGINALDO SANTOS DE OLIVEIRA
4001-2519;DANIEL LISBOA QUARESMA
4001-2522;LEANDRO SANTOS SOARES
4001-2523;LUCAS MENDES LUIZ
4001-2524;ADEMIAS JOAO PETZOLD
4001-2532;ROBERTO JUNIO BATISTA DOS SANTOS
4001-2551;COOPERATIVA DOS AGRICULTORES FAMILIARES 
4001-2581;ROBERTO CARLOS MARTINS VIEIRA
4001-2586;DIEGO FERREIRA LOPES
4001-2606;VICTOR VIEIRA PESSOA
4001-2618;FREDSON CARDOSO DA CUNHA
4001-2621;OTONIEL PEREIRA LOPES
4001-2623;SIDNEY SANTOS GONCALVES
4001-2624;CLEUDES JOSE DE SOUZA
4001-2625;MARIA DAS DORES CAMPOS SANTOS
4001-2631;ENRICO LOIOLA ARAUJO
4001-2636;LUCAS VIANA PASSOS
4001-2641;SUELY RODRIGUES OLIVEIRA
4001-2642;ADEILDO RODRIGUES DOS SANTOS
4001-2675;IZABELL AVELINO BEZERRA
4001-2676;NILSON GOMES FERREIRA
4001-2677;CARLOS ALBERTO VASCONCELOS BEZERRA
4001-2678;NORMA SUELY AVELINO BEZERRA
4001-2680;GUSTAVO LOPES BARCELLOS
4001-2684;ALESSANDRO DE MATOS AMARAL
4001-2695;HEBERT SOUZA PINHEIRO
4003-0008;BRAULINO MOREIRA DOS SANTOS
4003-0028;JOAO CARLOS DE MACEDO
4003-0032;JOSE DARIO JUNIOR
4003-0045;NELSONEDES MANTA MENDANHA
4003-0051;VALCIMAR BATISTA DE MORAES
4003-0059;HELIO RODRIGUES MOREIRA JONUIOR 07652702
4003-0068;GILMAR PEREIRA DA SILVA
4004-0040;GILDASIO RAMOS PEREIRA
4004-0175;NICOLAS COLLARES
4004-0182;JONATAS SOUZA PASSOS
4004-0195;LUCAS SANTOS DA SILVA
4005-0082;SEVERINO JOSE DE SOUZA FILHO
4005-0084;SINVALDO MARTINS DOS SANTOS
4005-0095;WILTON RODRIGUES MENDES 04817008628
4005-0096;ZILENE PEREIRA COIMBRA
4005-0111;EMANUEL ALEXANDRE PEREIRA MEDEIROS SOUSA
4006-0037;JOSE SANTOS DE OLIVEIRA
4006-0041;LINDAURA QUARESMA MIRANDA
4006-0043;LUCIENE SANTOS DE OLIVEIRA
4006-0073;VALDIRENE SOUZA DE OLIVEIRA
4006-0086;CLEIDE GOMES DE SOUZA
4007-0010;MAMEDIO PIRES DA COSTA
4008-0039;KLEBER MONTEIRO PEREIRA
4008-0072;AMAURI FABIANO SILVA DE OLIVEIRA
4008-0074;DANNIEL MONTEIRO SANTOS 11221202650
4008-0086;MARIA DAS DORES ALVES DE AZEVEDO
4008-0090;CELSO MONTEIRO DA SILVA
4008-0095;JONATAN TEIXEIRA DOS SANTOS
4009-0069;LEONARDO DOS SANTOS MACHADO
4010-0003;ADAO JOSE RAMOS BATISTA 02823961607
4010-0021;DELECINO RODRIGUES DOS SANTOS
4010-0152;JOSE MARIA ALVES FERREIRA
4011-0016;ANTONIO RODRIGUES DOS SANTOS
4011-0050;GERALDO MAGELA FONSECA MAGALHAES
4011-0059;ILMA NEVES SOARES
4011-0075;JOSE APARECIDO COELHO DA SILVA
4011-0104;LINDAURA RODRIGUES DE OLIVEIRA
4011-0136;NATHALIA REIS PEREIRA
4011-0143;PAULO SERGIO ALVES DE SOUZA
4011-0157;SANDERSON JAMES DOS SANTOS 79424520697
4011-0168;TARCISIO DE SOUZA
4011-0243;DARLENE SILVERIO RODRIGUES MARTINS
4011-0260;MARINALVA JOSE DE FRANCA
4011-0261;LUCAS TUDEIA RIBEIRO 08577616681
4011-0262;DANIEL MONTEIRO SANTOS
4011-0263;MARIELLE NEVES DUARTE
4011-0264;MARCOS SILVERIO DE JESUS
4011-0267;EVANICE FERREIRA DA SILVA
4011-0275;MICHELI RODRIGUES DOS SANTOS 14554558657
4011-0291;FRANCIMAR ANTONIO ESTEVES
4011-0303;JANIEL JUNIO MARTINS DOS SANTOS
4011-0309;ELIDIO ALVES DOS SANTOS
4011-0314;EDER GERALDO LAGE DE OLIVEIRA
4011-0318;MARIA DA PENHA BATISTA DA SILVA
4011-0334;VANEZA ALVES FONSECA
4011-0807;CRISTIANA APARECIDA ESTEVES
4011-0811;JOAQUIM JOSE DE SOUZA NETO ME
4011-0814;BRUNO RIBEIRO COSTA 14651267670
4012-0012;AMAURI LACERDA FARIA
4012-0062;JOSE MARIA GOMES MARTINS
4012-0067;JOSELITA FARIA SENA
4012-0074;LUCAS MIGLIO
4012-0139;WALTER MIRANDA MARTINS
4012-0143;HONORIO BARBOSA RODRIGUES
4012-0150;VINICIUS VIEIRA CONCEICAO
4012-0815;MANOEL JOSE SANTANA
4013-0021;CHARLENE MENDONCA SAPALUCA 07208751617
4013-0045;GERALDO LUIZ DE MAGALHAES ME
4013-0053;JANDERSON GABRIEL BORGES PEREIRA
4013-0103;VALDIR SOARES DA SILVA
4013-0104;VALDIVINO RIBEIRO SOUZA
4013-0164;EDER SILVA DA APARECIDA
4013-0174;MATHEUS GOMES DE SALES
4013-0821;RONNEY AUGUSTO AAR O CORDEIRO
4013-0824;OTAVIO GOMES DA CRUZ
4013-0825;DENILSON RODRIGUES DA SILVA
4013-0830;GETULIO CAMARGOS LIMA
4013-0838;NEUZA APARECIDA ALVES DA CRUZ 0493295666
4013-0841;DILSON APARECIDO FERREIRA1
4013-0843;JOAO CAMARGOS FILHO 09855404602
4014-0117;MARIA BARBOSA DE OLIVEIRA
4014-0125;MARIA NELIA COELHO DOS SANTOS
4014-0142;NILMA LOPES DOS SANTOS
4014-0150;PEDRO MARCOS PINHEIRO DOS SANTOS
4014-0240;ELIENE SOUZA SANTOS
4014-0244;JOAO FRANCISCO DOS SANTOS
4014-0247;WALLACE MARAVILHA DOS SANTOS VIANA
4014-0248;VILANI SOUZA DOS SANTOS
4014-0249;TONY RHANDELL CHACARA LOIOLA ME
4014-0273;REGIANE DE MELO CEZARIO
4014-0279;MAURICIO RAMALHO DE ALMEIDA
4014-0283;ALVARO LAGO TELES
4015-0011;ANTONIO VIANA DOS SANTOS
4015-0033;GREYDE FARIAS DOS SANTOS
4015-0050;LUCINEIA ALVES DE SOUZA
4015-0067;PAULO ROBERTO ALVES BESERRA
4015-0084;THIAGO GONCALVES DOS SANTOS
4015-0099;JOSE RODRIGUES ANDRADES
4015-0102;ROMARIO LEMOS COSTA
4015-0105;FABIO SILVA PINTO 03016000674
4015-0130;LUCIELIO COIMBRA BORGES
4015-0134;ADEMAR ROCHA FERREIRA
4016-0044;MILTON FRANCISCO DE ALMEIDA
4016-0093;JAILTON FELICIANO OLIVEIRA
4016-0098;SEBASTIAO CRISTIANO DE ARAUJO
4017-0001;ADALTON RIBEIRO DE ALMEIDA
4017-0012;ANA ALMEIDA SILVA 65091442634
4017-0025;FERNANDO RODRIGUES ALMEIDA
4017-0028;GILDEON VIEIRA DE SOUZA
4017-0046;JOSE MIRANDA DE SOUZA 12368466215
4017-0052;KLEBER MOREIRA DE AVELAR-ME
4017-0056;LUIZ RICARDO RODRIGUES DA SILVA
4017-0070;NOELIA ALVES BARBOSA
4017-0137;SIRLEIA MOREIRA COSTA
4017-0158;THALES GUIMARAES ESTEVES
4018-0015;AUTO FREIRE FILHO
4018-0031;DARLONE PEREIRA DE SOUZA
4018-0135;VADILSON SILVA DO NASCIMENTO
4018-0150;EDER COLEN PEDROSO 07237679635
4018-0200;LENICE ALVES DOS SANTOS
4018-0201;MARIELE MOTA SANTOS GOMES
4018-0204;HONORITA GOMES DE OLIVEIRA
4018-0225;VALERIA ALVES RODRIGUES
4018-0231;MILENA DA SILVA
4018-0233;JAZON BRAUCH DA ROCHA 01824172125
4018-0256;GILBERTO GONCALVES PINTO JUNIOR
4020-0007;AILTON ALVES PEREIRA
4020-0039;DAVID SANTOS OLIVEIRA
4020-0055;EUCLIDES PINTO DE OLIVEIRA DE
4020-0145;NELSON BRITO DA CRUZ
4020-0168;ULISSES PEREIRA
4020-0229;LEONARDO CARVALHO ABRANTES
4020-0230;JOSENIL BATISTA DA SILVA 11878922629
4020-0254;GILDENBERG MAGALHAES PINHEIRO
4020-0268;CHARLES FERREIRA NEVES
4020-0289;SILVANO ALVES PEREIRA
4020-0291;HELIO ALVES BOTELHO
4020-0292;FABRICIO PERREIRA DA SILVA
4020-0317;ATHUR PINTO JUNIOR
4020-0331;GILDEMBERG MAGALHAES PINHEIRO
4020-0358;WASHIGTON FIGUEITEDO MACHADO
4021-0001;ANA MARIA MADEIRA KRULL
4021-0004;FRANCISCO ALMEIDA DOS SANTOS
4021-0005;JOAO ALVES DE OLIVEIRA
4021-0011;SEBASTIAO ALVES DE SOUZA
4021-0026;CLEBER ANTUNES RIBEIRO
4021-0027;ANTONIO RODRIGUES DE SOUZA
4021-0031;HELIO RODRIGUES PORTUGAL
4021-0033;EVANDRO CESARIO DA SILVA
4021-0043;GERALDO RAMALHO DOS SANTOS
4021-0044;MARIA HELENA DOS SANTOS
4021-0070;CARLOS DANILO DE SOUZA
4021-0109;MANOEL VIEIRA LOPES
4021-0110;VALDEMAR SORIANO DA CRUZ
4021-0111;LORIVALDO VILA RODRIGUES MATOS
4021-0113;JOEL FERREIRA DA SILVA
4021-0122;ALAIDE DO NASCIMENTO DOS SANTOS
4021-0123;ALDA DA SILVA LOPES
4021-0132;CLENIR OLIVEIRA SOUZA
4021-0141;DIONIZIO SOUZA DE JESUS
4021-0143;EDELVIRGE RODRIGUES DA SILVA
4021-0147;EVA RODRIGUES DOS SANTOS
4021-0150;GABRIELA TEIXEIRA
4021-0156;JANISMARA SANTOS NERY
4021-0159;JOAO ALVES DE OLIVEIRA
4021-0169;JOVERCINO VIEIRA DOS SANTOS
4021-0180;OSORIO NEVES DE SOUZA
4021-0185;RITA DE CASSIA BATISTA DA SIL
4021-0198;WALDEMAR BERNARDO COSTA
4021-0200;ZENI RODRIGUES COSTA
4021-0206;D JERONIMO JOAO DE SOUZA
4021-0208;JOSE MOREIRA DUARTE
4021-0218;MARIA FRANCISCA DOS SANTOS
4021-0222;MANOEL ALVES MAIA
4021-0224;ILZA MOREIRA FERREIRA 83597522653
4021-0232;IRACI DA SILVA LAURENCO
4021-0233;ILDETE SANTOS MOREIRA
4021-0236;RUBENS ELIOTERIO DOS SANTOS
4021-0237;ELIZANGELA FERNANDES DOS SANTOS
4021-0239;FABIANE ALVES PEREIRA
4021-0248;ROBICON BARBOSA DE BRITO
4021-0254;DEUSDETH ALVES DOS SANTOS 58185305668
4021-0255;MARIA GUIMARAES RAMOS
4021-0256;FRISA FRIGORIFICO RIO DOCE S/A
4021-0259;ASS DOS VAQUEIROS DE NANUQUE E REGIAO
4021-0263;WHITE INGRID MARQUES DE SOUZA
4021-0266;JEAN JOSE DA SILVA
4021-0285;GEOVA BARBOSA RIOS
4021-0301;VALMIRAN DE SOUZA LOPES
4021-0313;NILTON RODRIGUES SANTOS
4021-0317;MARIA HELENA ALVES DE SOUZA
4021-0325;MILENA SILVA ROCHA
4021-0326;LUCIMEIRE RODRIGUES DE SOUZA
4021-0330;DELIO NUNES ROCHA
4021-0333;CRISTINA DA SILVA OLIVEIRA COELHO
4021-0352;RENATA SILVA MAGALAHES
4021-0357;KELLE DE JESUS OLIVEIRA 14322569633
4021-0359;MARCILENE SOUZA BATSTA 9449371634
4021-0360;JEANE SOUZA QUARESMA
4021-0361;LELIO PINHEIRO ROCHA
4021-0365;ANDRESSA MENDES LIMA
4021-0378;VANDERLAN FERREIRA DOS SANTOS 9917958061
4021-0386;ELIETE FERNANDES PESSOA 03606138610
4021-0391;MARIA ILMA PEREIRA GOMES 94496323672
4021-0392;MARINA BARBOSA CARRERA ME
4021-0402;ARILSON DE MACEDO RIBEIRO 04487998638
4021-0404;SIMONE SANTOS QUARESMA
4021-0407;ELIAS FRANCISCO COSTA
4021-0416;UEDISON DIAS
4021-0417;EMERSON NEVES DE SOUZA
4021-0418;NICOLLY MACHADO ELIAS
4021-0420;EVELYN SHIROKI
4021-0425;ANA CLAUDIA DE OLIVEIRA FERNANDES
4021-0427;LOJA MACONICA ACACIA DO VALE
4021-0428;CLAUDIO JOSE DE SOUZA ADM E COM DE SEGUR
4021-0431;EDREY WHEBERTH FREITAS BARBOSA
4021-0434;SAMUEL SANTIAGO DOS SANTOS
4021-0439;VIRGINIA BOZI DIAS ARAMUNI BAIA
4021-0440;RAMON DIAS DOS SANTOS
4021-0442;ROBERIO LARCERDA CABRAL
4021-0443;RESIDENCIAL BEIJA FLOR SPE
4021-0446;BRENDA RUAS GOMES
4021-0463;GILVAN CUNHA DOS SANTOS
4021-0464;HAMILTON COSTA LIMA
4021-0466;AURENILDA COSTA MOREIRA
4021-0467;TEREZINHA ARAUJO DE ALMEIDA
4021-0509;CASSIA VALERIA RODRIGUES DA SILVA
4021-0512;LEILA RENATA MOREIRA GOMES
4021-0513;SEBASTIAO MOREIRA DOS SANTOS
4021-0518;MICHAEL PONATH
4021-0519;ELIENE FERREIRA SANTOS
4021-0520;ALEX GONCAVES GOUVEIA
4021-0521;ROBERTO CARLOS ROCHA
4021-0523;LUZIA ARIANA DA SILVA CAMILO
4021-0524;MARIA DAS GRACAS
4021-0525;GESONITA RODRIGUES DA SILVA
4021-0527;PAULO REZENDE PIRES
4021-0528;TAMIRES ALVES FRANCO
4021-0530;LUAN OLIVEIRA FERRAZ MATA
4021-0542;JUCELIA CARVALHO PEREIRA
4021-0543;IANDRA SOARES
4021-0553;ALCIDES SOUZA SENA
4021-0555;THIAGO NASCIMENTO BISPO DE JESUS
4021-0562;PATRICK BARBOSA DA CRUZ
4021-0575;CARLOS HENRIQUE SOUZA SANTOS
4021-0578;FRANKLIN DA SILVA PEREIRA
4021-0599;THYLENE BARBOZA CAIRES
4021-0604;ALAN FERREIRA PASSOS
4021-0612;RENILSON JOSE DA SILVA
4021-0621;EDSON BISPO MACEDO
4021-0665;SIDNEY FERNANDES DE SOUZA
4021-0682;DIMAR LIMA DE JESUS
4021-0697;HIGOR DUARTE DE SOUZA
4022-0017;JOSE MARIA DE SOUZA
4022-0025;GILVAN BATISTA DIAS
4022-0032;VALDEMIR GONCALVES DE SOUZA
4022-0034;VALDECI QUEIROZ DE AGUILAR
4022-0052;JOSE HILTON ALVES DE CARVALHO 6095127360
4022-0078;CIRLEIA LEITE DUARTE
4022-0085;RONALDO BARBOSA DE OLIVEIRA
4022-0087;WILSON LUIZ DE SOUZA
4023-0007;ILDEU SOARES BAHIA
4023-0012;LINDOMAR DA ROCHA MOHEM
4023-0029;CLAUDIA FIGUEIREDO DE SOUZA
4023-0044;ARIENA SOARES AGUIAR
4023-0052;WELIO DE SOUZA SANTOS
4024-0020;GILBERTO NASCIMENTO RUFINO
4024-0023;VALDETE FERNANDES
4024-0025;JOAO BATISTA SOUZA TEXEIRA
4024-0027;SEBASTIAO CAIRES PINHEIRO
4024-0028;EDIMILSON GONCALVES DE VETTE
4024-0040;MARIA LUCIA MOREIRA DE ARAUJO
4024-0054;MASIMIANO TEIXEIRA GOMES DOS SANTOS
4024-0058;ADAILTON DA SILVA ROCHA
4024-0064;VARNER RIBEIRO GONCALVES
4024-0078;LUCAS DE SOUZA ALMEIDA 06738581629
4024-0081;EDINEIA PEREIRA DOS SANTOS
4024-0085;ELZITA SOUZA SILVA
4024-0087;ZINALVA REIS DE SOUZA
4024-0089;JOAO WILSON DA FONSECA
4024-0097;ADEMILSON CHAVOES DE OLIVEIRA
4024-0110;AMILCA BATISTA CANGUSSU
4024-0118;KATIA GOMES DA FONSECA
4024-0136;JOVANIO LUIZ DE OLIVEIRA
4024-0143;ALESSANDRA DE JESUS
4024-0152;SEBASTIAO BATISTA DA COSTA
4024-0158;WARLEI FERREIRA DOS SANTOS
4024-0159;DEAN LISBOA SANTOS
4024-0165;MARCELO MOREIRA LIMA
4024-0169;SEBASTIAO JORGE MACHADO
4024-0172;LUCIANO PEREIRA DE SOUZA
4024-0175;COOPERATIVA DE LATICINIOS VALE DO MUCURI
4024-0176;NICANOR RODRIGUES BARBOSA
4024-0193;BRUNA RODRIGUES TRINDADE
4024-0194;WILLIAM JARDIM REIS
4024-0195;EDSON KRETLI DA COSTA
4024-0198;ALBERTO LAGNE RIBEIRO
4024-0200;COOP LATICINIOS VALE DO MUCURI
4024-0214;IZABEL CRISTINA MEDRADO ROCHA
4024-0222;OSVALDO OLIVEIRA DE JESUS
4024-0237;JOSIMAR DOS SANTOS ROCHA
4024-0251;RAFAEL MEDINA ANTUNES
4026-0003;MARCOS AURELIO PIRES DE OLIVEIRA
4026-0006;WILSON ANTUNES DE OLIVEIRA
4026-0009;RICARDO DE SOUZA PINTO
4026-0030;LIDIANE GONCALVES SANTOS
4026-0042;MAXIMO GOMES METSKER
4026-0047;MAURICIO PEREIRA DA SILVA
4026-0056;DIOCELIA DARC SOUZA 04306411842
4026-0059;HELENO REIS FRANCA
4026-0062;NERIO DIAS OLIVEIRA
4026-0067;GILBERTO CAITANO SANTOS
4026-0075;MARIA DE LOURDES SILVEIRA SANTOS
4026-0094;ISAIAS SILVA NETO
4026-0102;LUCAS DE SOUZA SANTOS
4026-0104;TIAGO SOUZA LIMA
4026-0118;LUCAS DE SOUZA SANTOS
4026-0135;ADRIANA SILVA DE SOUZA
4027-0001;ADAO NUNES AVELAR
4027-0039;VALDINEI ALVES MARTINS
4027-0065;SERGIO RIBEIRO DA SILVA 08562744611
4027-0071;ANESTOR RODRIGUES DA SILVA
4027-0101;ADALGISIO RODRIGUES DE BRITO
4028-0005;ROBERTO PIRES LEITE
4028-0006;AILTON ROMAO DOS SANTOS
4028-0010;JUSCELINO CAPIM DO AMARAL
4028-0021;DASA- DESTILARIA DE ALCOOL SERRA DOS AIM
4028-0022;ED WANDER PINTO
4028-0027;BENEDITO OLIVEIRA DE JESUS
4028-0050;ISAQUE SALES DA SILVA
4028-0060;CECILIA RODRIGUES DE SOUZA
4028-0081;EDESIO SANTOS ALMEIDA
4028-0090;KATIA WISLA SILVA
4028-0107;SORAIA BARBOSA TESCH
4029-0001;ADRIANO JOSE DE OLIVEIRA
4029-0009;FERNANDO FERREIRA DE SOUZA
4029-0017;LUIZA CHAVES SILVA
4029-0018;MARINO LIMA FERREIRA
4029-0021;SANDRO LUCIO RIBEIRO DE SOUZA
4029-0026;GEROLINO BATISTA SILVA
4029-0027;ISRAEL DIAS LACERDA
4029-0028;JARDINEIDE SILVA DE SOUZA
4029-0031;ERLON ALVES MEDEIROS
4029-0032;LUCIANA GOMES MIRANDA
4029-0033;JOSENILTON SOARES PAIXAO
4029-0045;ELSON GOLCALVES DOS SANTOS
4029-0047;SAIONARA CRISTINA NICO DA SILVA VITAL
5001-0002;GERALDO RODRIGUES DE SOUZA
5001-0003;GERALDO ALVES DOS SANTOS
5001-0013;PEDRINHO PEREIRA PONTES
5001-0016;SEBASTIAO ALVES DOS SANTOS
5001-0023;ADAO GOMES DE OLIVEIRA
5001-0024;SUELI GOMES DE SOUZA
5001-0025;SERGIO GOMES SANTOS
5001-0026;GERALDO GIL DE SOUZA
5001-0027;JOSE ANTONIO
5001-0028;RONALDO PEREIRA DA SILVA
5001-0029;DANIEL RODRIGUES
5001-0031;GILBERTO RAMALHO TRINDADE
5001-0035;EVANDRO PEREIRA BORGES
5001-0037;ILDEU OLIVEIRA SANTOS
5001-0039;EVARISTO GUSMAO DA SILVA
5001-0041;MAURICIO PEREIRA DE OLIVEIRA
5001-0042;THAIS MEIRA GONCALVES
5001-0043;WELTON RODRIGUES AMARAL
5001-0046;JORGE PEREIRA SANTOS
5001-0049;THAIS MEIRA GONCALVES
5001-0054;MARIA DO ROSARIO MACHADO
5001-0060;JULIO FURTADO DUTRA
5001-0075;EDIVAL BATISTA CARMONA
5001-0078;WILSON RODRIGUES AVELAR
5001-0080;JOSE DILSON BATISTA
5001-0082;OSCAR FRANCISCO ROSA JUNIOR
5001-0085;EDSON REIS ORNELAS SILVA
5001-0086;ANTONIO INACIO ARAUJO
5001-0089;JOSE VALDEIR ALVES
5001-0091;CLEMENTE BORGES COSTA
5001-0101;ADELSON RAMALHO SALOMAO
5001-0104;ADALGISIO PEREIRA
5001-0114;FABRICIO SOARES PEREIRA
5001-0122;MARINALDO TARGINO DE SOUZA
5001-0125;ROMULO BATISTA SILVA
5001-0126;JOSE FERNANDES JUNIOR
5001-0128;FERNANDO ROBERTO BRAGA SILVA
5001-0133;JANILDA ALVES DOS SANTOS
5001-0134;ARLETE DE FATIMA AVES DE SOUZA BARBOSA
5001-0135;DURVALINA ALVES SOUZA PEREIRA
5001-0137;FLAUZINA APARECIDA FERREIRA NEVES
5001-0142;FELIPE PAIS LIMA TEIXEIRA
5001-0143;GERALDO MAGELA ALVES SOUZA
5001-0145;NOE ANTONIO DOS SANTOS
5001-0147;EDILANE CARMONA PEREIRA
5001-0149;VINICIUS DUTRA
5001-0150;MAIRA MENDES SANTOS
5001-0152;DOMINGOS SOUZA MACHADO
5001-0153;JEAN MARK FREIRE SILVA
5001-0154;ADRIANO RODRIGUES PONTES
5001-0159;GILDETE ALVES MENEZES
5001-0161;CAMILO MELO DA COSTA
5001-0162;FLORISVALDO RODRIGUES COSTA
5001-0163;NAUMIL RODRIGUES SOUSA
5001-0165;GUSTAVO CARDOSO MIRANDA
5001-0166;TAIANE GONCALVES AMARAL
5001-0167;PIERMARTINO PEZZOTTI
5001-0168;MARILDA EVANGELISTA PINTO COSTA
5001-0169;EURICO DOERL JUNIOR
5001-0170;FABRICIO FERREIRA DE OLIVEIRA
5001-0171;GERALDO ESTEVES
5001-0172;CLEITON MONTEIRO DA COSTA
5001-0174;WESLEY CARLOS BARRETO DE OLIVEIRA
5001-0175;DEVANIR NUNES LOPES
5001-0176;VILTON MARTINS COSTA
5001-0177;ELMIRO ANTUNES
5001-0178;DIOGO OLIVEIRA CARMONA
5001-0179;JOSE VANILSON ORNELAS SILVA
5001-0180;GERLADO FERREIRA BORGES
5001-0181;CARLA DUTRA DE MENEZES
5001-0182;EILTON CHAVES
5001-0183;HANDRESSA MATOS OLIVEIRA
5001-0184;FREDSON FERREIRA
5001-0185;GILMAR CALDEIRA
5001-0186;JORGE RIBEIRO
5001-0187;JUCELIO PEREIRA DUTRA
5001-0188;SEBASTIAO DIAS DA SILVA
5001-0189;IVO GUIMARAES
5001-0190;MARITO CHAVES
5001-0191;NELSINHO BATISTA
5001-0192;LUCIENE
5001-0193;GIL MARCOS DOS SANTOS
5001-0194;NILSON COSTA CARVALHO
5001-0195;DARLAN MENDES
5001-0196;WILTON FERREIRA
5001-0197;RAFAEL ALVES MARCOS
5001-0198;VILSON JARDIM
5001-0199;SEBASTIAO DE JEZUS
5001-0200;WALISSON OLIVEIRA
5001-0201;NOILTON MARCELINO SILVA
5001-0202;GILIARD SOARES OLIVEIRA
5001-0203;JAIME RODRIGUES BATISTA
5001-0204;CLEDISMAR PEREIRA
5001-0205;WAGNNER ALVES DOS SANTOS
5001-0206;EDIMILSON CARDOSO SANTOS
5001-0207;GLEDSON FRANCISCO CARLOS
5001-0208;HELCIO AURELIO RIBEIRO
5001-0209;ROMARIO DIAS DA SILVA
5001-0210;ISMAEL PORTO
5001-0211;CLEDSON DIAS SILVA
5001-0212;WAGNER SOARES
5001-0213;ADILSON OLIVEIRA DE FIGUEIREDO
5001-0214;ASSIR CLEIBE GUIMARAES
5001-0215;FABIANO COSTA SILVA
5001-0216;LUELSON SOUZA DE ARAUJO
5001-0217;IVANIA PEREIRA
5001-0218;LEANDRO DA PAIXAO GONCALVES DE OLIVEIRA 
5001-0219;VALDECIR CARMONA
5001-0220;JEFERSON BATISTA
5001-0222;JOSE AECIO SOARES FRANCA
5001-0223;ERNANDO ALVES MENEZES
5001-0225;FABIO HENRIQUE CABRAL
5001-0226;FLORISVALDO BORGES RODRIGUES
5001-0227;JOSE VALDIVIO ALVES MOREIRA
5001-0228;VALDINEI AMARAL DO NASCIMENTO
5001-0229;GILSON HUMBERTO
5001-0230;VALDIVIA DE JESUS TEIXEIRA
5001-0231;ISAQUE LAGES MELO
5001-0232;LEANDRO DE SOUZA FERREIRA
5001-0233;EDSON DA SILVA
5001-0234;NICIA RODRIGUES ARRUDA 51827611634
5001-0238;MARCELO PEREIRA
5001-0239;ABRAAO JUNIOR COSTA MARTINS
5001-0240;RIVALDO FERREIRA RAMALHO
5001-0241;ALEXSANDRA PEREIRA ARAUJO
5001-0242;JOSE CARLOS RODRIGUES NETO
5001-0244;ADALTO JUNIO CARDOSO GONCALVES
5001-0245;VILMAR PEREIRA SILVA
5001-0247;LUIZ CARLOS DE OLIVEIRA
5001-0248;SANDRO HENRIQUE PEREIRA LUCINDO
5001-0249;DAVID GOMES FERREIRA
5001-0250;CAROL FREIRE
5001-0251;CLEITON ROCK ANTUNES DOS SANTOS
5001-0252;RICARDO JARDIM LOPES
5001-0254;JOSLEY NASCIMENTO
5001-0255;FLAVIA VIANA GUSMAO
5001-0256;JOSE ANIBAL RIBEIRO
5001-0257;SULENI RODRIGUES SANTOS
5001-0258;CLAUDIMAR GOMES MEIRELES
5001-0259;NILSON MIRANDA
5001-0261;MAURO MOREIRA DE OLIVEIRA
5001-0262;ELIZABETH RODRIGUES DA SILVA
5001-0263;FABIANA ALVES FOGUETEIRO
5001-0264;FRANCIANE GOMES RODRIGUES
5001-0265;WALLACE MONTEIRO DIAS
5001-0266;RAPHAEL DE ALMEIDA SIGNORELLI
5001-0268;SANDRO FERRAZ RIBEIRO
5001-0269;JOELISIO BATISTA SANTOS
5001-0270;MAYRANE MOTA RODRIGUES
5001-0271;CLEIA EVANGELISTA DIAS
5001-0272;GILBERTO RAMOS PEREIRA
5001-0273;VALDEMILSON PEREIRA DA SILVA
5001-0275;GERIVALDO ALEXANDRE LOPES
5001-0276;ELIENAIDE ALVES DOS SANTOS
5001-0278;MARCOS VENANCIO
5001-0279;TIAGO RODRIGUES CARLOS
5001-0280;ALMAR JOSE FERNANDES MARTINS JUNIOR
5001-0281;GILBERTO RODRIGUES SANTOS
5001-0282;MARIA RITA PEREIRA DA SILVA
5001-0283;GUSTAVO OLIVEIRA SANTOS
5001-0285;CAIXA ESCOLAR ESCOLA MUN SAO JOAO
5001-0286;EDUARDO PORTO
5001-0287;GUTTY ERRE ANDRADE FERRAZ
5001-0288;PAULA GRAZIELA PEREIRA DA SILVA DIAS
5001-0289;CLINICA DE DOENCAS RENAIS DE ITAOBIM
5001-0290;SILVADETE ORNELAS DA SILVA
5001-0291;CLEONICE LIMA ESTEVES 68966741649
5001-0292;ASS. DA CRIANCA E DO ADOLESC. DE ITAOBIM
5001-0295;EVA FERREIRA DOS SANTOS
5001-0296;MARLUCE DE FATIMA GOMES CORREA
5001-0297;ENOCK CARDOSO MORAIS
5001-0299;ROSARIA APARECIDA ORNELAS SILVA
5001-0303;CLEVERSON AGUIAR
5001-0304;MAURO DA SILVA OLIVEIRA
5001-0305;MAYARA VERANDO MATOS
5001-0312;PAULO HENRIQUE ALVES MIRANDA
5001-0313;EBERTON ALVES DE OLIVEIRA
5001-0314;THIAGO PEREIRA DE SOUZA
5001-0315;JULIMAR FERREIRA DA SILVA
5001-0316;MARIA CLEONICE BATISTA COSTA
5001-0317;GUILHERME MOREIRA MENDES
5001-0318;TAIANE GONCALVES AMARAL 11149075619
5001-0319;JIEMERSON FAGNER MELO DA COSTA
5001-0320;JEFERSON ADELIO FERREIRA DUTRA
5001-0321;KLEYTON GONCALVES SANTOS
5001-0325;MOISES ARCANJO DE OLIVEIRA
5001-0328;HUMBERTO SERAFIM DOS SANTOS
5001-0332;ELIANE PEREIRA SOUZA GONCALVES
5001-0337;UILSON GIL DE SOUZA
5001-0339;ARINALDO SOUZA DE ALMEIDA
5001-0340;ANDRICO RIBEIRO DOS SANTOS
5001-0341;GILIARDE PEREIRA SANTOS
5001-0342;ELEDISON XAVIER DE JESUS
5001-0343;VALDINEIA DIAS FERREIRA
5001-0344;ANGELINA DA SOLIDADE FERREIRA AMORIM
5001-0345;GILNEI ALVES DA SILVA
5001-0346;ARISTEU PERIN JUNCO
5001-0348;VALDEIR RODRIGUES COSTA
5001-0349;ALVINO NOGUEIRA NETO
5001-0350;MARIANA SILVEIRA GOMES
5001-0351;THIAGO BORGES MENEZES
5001-0352;ANA VEIGA BORGES GUIMARAES
5001-0353;WASLEY JARDIM DE OLIVEIRA VARJAO
5001-0355;FERNANDES GALDINO DOS SANTOS
5001-0357;BELTRAO ROCHA GUIMARAES FILHO
5001-0360;RENAN PEREIRA COSTA
5001-0362;ANECI PEREIRA SILVA SANTOS
5001-0363;CESAR AUGUSTO DOS SANTOS
5001-0364;CIRLEI GONCALVES DIAS
5001-0366;LAZAEL VIANA SANTOS
5001-0367;LUIZ GUSTAVO NERES DE JESUS
5001-0369;RENIVALDO ALVES FERNANDES
5001-0370;SOCIEDADE BENEF LAR DO AMOR DE DEUS
5001-0371;SERGIO ALVES GOMES
5001-0372;VALDEMIR VIEIRA DE SOUZA
5001-0375;DIOCESE DE ARACUAI
5001-0381;VALDELINO PEREIRA DE SOUSA
5001-0382;FEDERACAO DOS TRABALHADORES FETAEMG
5001-0396;DIANA BATISTA PEREIRA
5001-0400;ELIZA MONTEIRO DA SILVA
5001-0402;CELIO PEREIRA DOS SANTOS
5001-0404;NEUZA GOMES FERREIRA
5001-0408;GILIARD CRUZ RODRIGUES
5001-0410;GUILHERME GONCALVES CHAVES
5001-0415;ISAAC RAMALHO GONCALVES
5001-0416;CRISTIANO DE OLIVEIRA CABRAL
5001-0417;DANRLEY RODRIGUES
5001-0418;WALFREDO APARECIDO ORNELAS FERREIRA
5001-0422;RONALDO GOMES SANTOS
5001-0423;EWELEN DIAS PEREIRA CHAVES
5001-0426;WARLEY RESENDE DA SILVA
5001-0428;LINDOLFO DAMASCENO DE JESUS
5001-0429;JOANA DARC MARCELINA DE SOUZA
5001-0430;THALITA BATISTA SOARES
5001-0431;ROQUE RAMALHO SOUZA
5001-0435;MARCILIO GUIMARAES DE CARVALHO
5001-0437;DIONIS OLIVEIRA DE JESUS
5001-0438;CLEIDSON SOUSA SANTOS
5001-0440;WILLIA RODRIGUES SILVA
5001-0442;GERALDO BATISTA SOUZA
5001-0449;MARIA DAS GRACAS RODRIGUES SILVA
5001-0450;ANTONIO JOSE GIAROLA AMADO
5001-0451;JOSE ADAILTON CHAVES NEVES
5001-0458;LUIZ CARLOS CARDOSO
5001-0462;JOSE FERREIRA VIEIRA
5001-0466;ROGERIO PINHEIRO SILOVEIRA
5001-0467;ALAECIO BARBOSA DOS SANTOS
5001-0468;ADRIANA FRANCA CARDOSO
5001-0471;THAIS SIMOES SANTOS
5001-0490;MARCELO CRISTIAN SILVA
5001-0502;MATEUS JOSE DOS SANTOS
5001-0512;MANOEL PEREIRA PONTES
5001-0517;VALDIVIO RODRIGUES ALMEIDA
5001-0518;GILIARD SOUZA SANTOS
5001-0520;ANTONIO DIAS PEREIRA
5001-0521;PAULO EDMAR ANDRADE SILVA
5001-0526;EDGARD FRANCISCO SILVA JUNIOR
5001-0534;ANA PAULA ALVES ALMEIDA 10696630699
5001-0539;PAULO HENRIQUE SOUZA AMARAL
5001-0541;WILLIANVALDO FRANCISCO ROSA
5001-0546;JOAO AUGUSTO DE MORAIS PEREIRA
5001-0548;GUSTAVO MARCOS ALMEIDA
5001-0554;JULIO CESAR ALVES DE SOUZA
5001-0555;RENATO RICARDO DOS SANTOS
5001-0556;CAIO GOMES RIBEIRO
5001-0560;RAQUEL COSTA REGO
5001-0562;ELLEN RODRIGUES COSTA
5001-0565;ERNANDO ALVES MIRANDA
5001-0566;JULIO CESAR RODRIGUES COSTA
5001-0567;SERAFIM ALVES NETO
5001-0569;MARCIO SANTOS OLIVEIRA
5001-0570;VALDOMIRO PEREIRA SOARES
5001-0571;JOSE ALVES DE JESUS
5001-0572;EMERSON ALMEIDA RAMALHO
5001-0575;JEISON JIMMI PINHEIRO OLIVEIRA
5001-0576;THULIO PINHEIRO SILVA
5001-0577;WALYSON DE SOARES DE JESUS
5001-0580;GERALDO BRUNO GOMES OLIVEIRA
5001-0583;WESLEY CARDOSO FERREIRA
5001-0589;JOAQUIM HONORIO DA SILVA NETO
5001-0590;VALDEMIR BRAGA MENEZES
5001-0592;ALFREDO GOMES PEREIRA NETO
5001-0597;VANDERLEY SILVA BATISTA
5001-0599;CELIO ADRIANO SANTOS SILVA
5001-0601;HELIO VIEIRA RODRIGUES
5001-0602;CLEBER RODRIGUES SIQUEIRA
5001-0607;FARLEY ALVES RAMALHO
5001-0608;GENILDO BORBOREMA SICUPIRA
5001-0612;CASSIA PEREIRA VIANA
5001-0613;MARCIO VIANA SANTOS
5001-0614;BERNARDO CARMONA SANTOS
5001-0629;FABIO PEREIRA SOUZA
5001-0630;RENATO FREITAS DE SOUZA
5001-0632;RENATO ALVES CHAPADEIRO
5001-0636;MOACIR RIBEIRO MIRTES
5001-0637;RODRIGO COSTA SILVA
5001-0643;NAYRA KIANNY OLIVEIRA MELO
5001-0644;DEIDIENE DA SILVA SOUZA
5001-0647;VIVIANE OLIVEIRA SOEIRO
5001-0648;UILIAN CAITANO DE SOUZA
5001-0652;MARIA APARECIDA MOREIRA SOUTO
5001-0653;ANA MARIA PEREIRA DA SILVA MARTINS
5001-0659;JOBSON MOREIRA MURTA
5001-0661;LEILA TATIANE MELO DA COSTA
5001-0664;LUAN ALVES MENEZES
5001-0665;SAMAANE RAMALHO SILVA
5001-0666;JEAN PAUL SANTOS OLIVEIRA
5001-0669;CARLOS DIAS SOARES
5001-0673;LAZZARO CARMONA ALMEIDA MELO
5001-0675;GUILHERME ALVES DE OLIVEIRA
5001-0682;WELTON RODRIGUES ALVES
5001-0685;MARCIO REZENDE BATISTA
5001-0688;BRUNO LIMA RAMOS
5001-0698;GUTEMBERG SANTOS GILBERT
5001-0699;LAEDSON SOARES DE JESUS
5001-0714;ELICARLOS MENDES CARDOSO
5001-0715;RONIVON RODRIGUES SANTOS
5001-0730;PATRICIA PEREIRA SANTOS
5001-0736;PATRIKE SOARES CHAVES
5001-0747;PRISCILLA SANTOS GILBERT
5001-0758;CARINE FERREIRA DE SOUZA
5001-0760;EDIMAR SOARES DE SOUSA
5001-0762;MARCIO SERAFIM SANTOS
5001-0763;SEBASTIAO SA DA SILVA JUNIOR
5001-0769;MARIA LUCIA PEREIRA MENDES
5001-0770;MAYLA BEATRIZ RODRIGUES DE SO
5002-0001;JOAO CARLOS PEREIRA LIMA
5002-0009;ELIAS ANTONIO DE OLIVEIRA
5002-0010;ELDIR SILVEIRA MENDES
5002-0012;RONILSON ALVES BATISTA
5002-0013;ALDECIO BOTELHO SOARES
5002-0015;AILTON RODRIGUES DE SOUZA
5002-0017;MARIA EUNICE BARRETO DOS SANTOS
5002-0022;DIANE SPOSITO DE OLIVEIRA
5002-0027;JOZIANA FERREIRA COSTA 06591020640
5002-0037;ALDENI MANOEL DOS SANTOS
5002-0038;JEIJIANE BARROS DE OLIVEIRA ME
5002-0039;DANIELE BARBOSA DE SOUZA
5002-0044;EDILEUSA MIRANDA TEIXEIRA
5002-0045;ELETROZEMA S A
5002-0046;IVANILSON PEREIRA DOS SANTOS
5002-0059;MAIRANE GOMES DE SOUSA
5003-0002;ANTONIO PEREIRA COSTA
5003-0014;AILTON BARBOSA FERREIRA
5003-0017;JOSE FRANCISCO DOS SANTOS
5003-0018;ELIZABETH PESSOA
5003-0019;RAIMUNDO ALVES DE OLIVEIRA FILHO
5003-0024;MARIA DAS GRACAS FERREIRA DE SOUSA
5003-0025;ANTONIO ROCHA DE OLIVEIRA FILHO
5003-0029;JOSE ROBERTO ALVES
5003-0037;PAULO HENRIQUE FERREIRA FROES
5003-0040;MAURICIO PEREIRA SANTOS
5003-0044;RENATO GONCALVES DE AZEVEDO
5003-0045;RENATO GONCALVES DA SILVA
5003-0047;NILTON CARLOS NEVES SILVA
5003-0057;ELIETE GOMES PENA
5003-0058;DIONICIO SOUZA LUZ
5003-0060;ALOIZIO DOS SANTOS
5003-0061;ANTONIO DE OLIVEIRA
5003-0063;MARIA DE LOUDES DE SOUZA
5003-0064;GILSON FARIA NOVAIS
5003-0065;JUSCELITA MARIA COSTA SANTOS
5003-0069;DENILDO DA SILVA COSTA
5003-0070;JOAO CARLOS SANTOS DA SILVA
5003-0075;JOAO AROLDO RODRIGUES DA SILVA
5003-0077;JOAO BRITO COSTA
5003-0082;MARIANA SILVA RODRIGUES
5003-0083;VALMIR BATISTA RAMOS
5003-0084;AROLDO SOARES DE OLIVEIRA
5003-0086;AGNELO OLIVEIRA MACEDO
5003-0087;JOSEFA DO NASCIMENTO SILVA
5003-0088;WILSON FERREIRA DOS SANTOS
5003-0091;GERALDO JOSE PINHEIRO
5003-0100;JONAS NUNES DE SOUZA
5003-0101;JOAO BATISTA PEREIRA DE SOUZA
5003-0107;ANTONIO ALUIZIO ANASTACIO MENDES
5003-0108;ADRIANA FERREIRA BANDEIRA
5003-0110;ANARIA PEREIRA VIEIRA
5003-0113;ADAILDE PEREIRA SANTOS
5003-0116;VANILDE FERREIRA GOMES
5003-0117;AIR FERRAZ FILHO
5003-0119;JOAO PAULO SILVA DOS REIS
5003-0122;ADELSON SOARES DE SOUZA
5003-0125;ATEVALDO FLORIANO ROCHA 89439007672
5003-0126;MARLY MENDES DA SILVA
5003-0130;ADINE PEREIRA LACERDA
5003-0135;CLAUDIO GONCALVES SOUSA
5003-0136;CARLA PORTO DE OLIVEIRA
5003-0137;AURITA MOREIRA VILELA 00625018605
5003-0140;ROSINEIDE AUGUSTO DOS SANTOS 50158023668
5003-0141;ANTONIO GIL ROCHA
5003-0143;PAULO HENRIQUE BATISTA RIBEIRO
5003-0144;JULIANO LACERDA MARTINS DIAS
5003-0145;ROBELIO CAIRES DA ROCHA
5003-0146;EMERSON LOPES FREITAS
5003-0147;UILSON GERMANO DE SOUSA
5003-0148;LUIZ ALBERTO FERRREIRA GOMES
5003-0149;EDIVALDO IVO DE SOUZA
5003-0150;NILZIELLE ALVES BRAGA
5003-0153;GENILSON SANTOS BISPO 35236353572
5003-0155;JOSE CARLOS DAMACENA
5003-0159;ITAMAR SANTOS
5003-0163;RONEY MENDES BOTELHO
5003-0164;SIRLANE MOREIRA
5003-0170;ALESSANDRA DE AGUILAR FREITAS
5003-0172;MARIA MONICA CAMPOS ROCHA CALIMAN
5003-0176;ELSIO CABRAL DOS SANTOS
5003-0177;VILMAR GONCALVES DE AZEVEDO
5003-0179;CARLOS HENRIQUE PIRES SILVA
5003-0181;CLEBIO RODRIGUES DOS SANTOS
5003-0183;GLAWBER DAVID ALVES BONFIM
5003-0185;ADEILTON RODRIGUES CHAVES
5003-0189;LUCILENE DE CARVALHO
5003-0193;IRANETE CANDIDA DOS REIS
5003-0197;WILLIAM FERREIRA CARVALHO
5003-0199;DORISVALDO SANTOS XAVIER
5003-0204;DANIELA PEREIRA XAVIER
5003-0206;ELIDIO ROCHA DOS SANTOS
5003-0208;OTELINO TEIXEIRA DIAS
5003-0209;SANTO BATISTA DO NASCIMENTO
5003-0210;FELIPE GONCALVES SILVA BARBOSA
5003-0214;ROSILEIDE GOMES DA SILVA
5003-0217;JOAO CELESTINO PESSOA
5003-0219;RONICASSIA VIEIRA COSTA
5003-0220;JUSCILENE DA SILVA SANTOS
5003-0222;PABLO LOPES FARIAS DE SOUZA
5003-0223;LUCILENE DIAS RAMOS
5003-0224;MARIA GONCALVES DE AGUIAR
5003-0226;ANTONIO HERMES DE SOUSA ROCHA
5003-0230;DIANA MAPA SOUTO
5003-0235;FERNANDA MOREIRA GIL
5003-0236;MARCONE JOSE PEREIRA
5003-0238;ALESSANDRO SOUZA PEREIRA
5003-0242;ADEISON PEREIRA DE SOUSA
5003-0244;DAGMAR MARIA DE SOUZA ALMEIDA
5003-0250;SUELLEM ALVERNAZ SOARES
5003-0254;ILDACI APARECIDA DE OLIVEIRA
5003-0256;MAGDHALA FERREIRA DE OLIVEIRA
5003-0269;REGIANE VIEIRA PINTO
5003-0285;AILTON RAIMUNDO DA CRUZ
5003-0317;MAURITANIA MARIA DA SILVA
5003-0319;MARCOS PEREIRA DOS SANTOS
5003-0341;NAILMA LIMA LAVES
5003-0358;GABRIEL ALVES SOARES
5003-0359;VALMY LIMA
5003-0360;DANILO EVANGELISTA OLIVEIRA
5003-0361;IZAELTON RAMOS QUEIROZ
5003-0362;LEONILDO SOUSA ROCHA
5003-0364;SINVAL ALVES MOREIRA FILHO
5003-0366;ERICO BARBOSA TEIXEIRA
5003-0381;ALCICLEIA SILVA SOUZA
5003-0383;PAULO SERGIO BARREIRA NASCIMENTO
5003-0390;WILSON DE MEDEIROS ARAUJO
5003-0395;DANILO CARDOSO DE ANDRADE
5003-0414;THIAGO ALVES MOREIRA
5003-0417;REGINALDO DE FREITAS MOURA
5003-0426;LUCAS ANTUNES ARAUJO
5003-0429;PATRIQUE ANDRADE SOUSA
5003-0477;LEONARDO FERREIRA BRITO
5004-0004;MARIA APARECIDA PAIVA SANTOS
5004-0005;MARCO ANTONIO RAMALHO DE SOUZA
5004-0006;MARIA JOSE MIRANDA SANTOS
5004-0008;JOSE LUIZ
5004-0015;AUREO ANTONIO GUEDES
5004-0017;MANOEL DO NASCIMENTO RODRIGUES SOARES
5004-0019;JOSE NILTON DE SOUZA
5004-0021;JOSE GERALDO PEREIRA
5004-0022;MARIA DE LOURDES DIAS LEMES
5004-0024;ANTONIO ALVES GONCALVES
5004-0025;WILSON MOREIRA DA SILVA
5004-0026;MARIA APARECIDA ALVES DE AGUILAR
5004-0029;ANA PAULA RODRIGUES FERREIRA
5004-0030;DANIEL FERNANDES DOS SANTOS
5004-0032;JOSE GERALDO JARDIM NUNES
5004-0039;JOVANO GOMES DE OLIVEIRA
5004-0040;DIOCESE DE ARACUAI
5004-0048;MARIA VANIA ESTEVES PAULA
5004-0050;WILSON MARTINS PINHEIRO
5004-0056;MARIA EVA FERREIRA SOUZA
5004-0068;ANTONIO CARLOS SOARES DOS SANTOS
5004-0070;MARIA HELIA RODRIGUES DE SOUZA
5004-0071;ADATIVO PEREIRA JARDIM
5004-0072;ANTONIO MARIA ALVES
5004-0083;BENEDITO PEREIRA DE OLIVEIRA
5004-0085;NERDY ALVES
5004-0086;CLAUDIA MARIA SANTOS
5004-0088;ANTONIO GOMES
5004-0093;JAMIL PEREIRA SANTOS
5004-0095;DANILO CARDOSO
5004-0100;DALMO ALVES VIEIRA
5004-0101;CELSON JOSE RODRIGUES SIQUEIRA
5004-0104;ANDREA APARECIDA SOARES SILVA
5004-0108;PATRICK SALES BARRETO
5004-0110;MANOEL GOMES PERREIRA
5004-0112;CARMELITA PINHEIRO LIRA NETA
5004-0114;ADENILSON FERREIRA DOS SANTOS
5004-0116;ANDERSON PEREIRA SANTOS
5004-0118;CELINA XAVIER SOARES
5004-0119;LAURINDO FERREIRA DOS SANTOS
5004-0120;ALEXANDRO JARDIM OLIVEIRA 00738862622
5004-0122;GILMAR SANTOS SILVA
5004-0124;LIVIA RODRIGUES NUNES
5004-0127;JOAO BATISTA CAMOES RODRIGUES SANTOS 001
5004-0131;MARIA DAS GRACAS GONCALVES LUIZ VIEIRA -
5004-0135;ANDRE GOMES PACHECO
5004-0137;EDINA GONCALVES DOS SANTOS 82936722691
5004-0139;LEANDRO LUIZ DOS SANTOS
5004-0140;RONAN LUIZ TANURE 09517473630
5004-0142;JOSE OMIRES RODRIGUES
5004-0144;NILSON LUIZ DOS SANTOS
5004-0145;JOSE CARLOS OLIVEIRA DOS SANTOS 82933162
5004-0147;LOURIVALDO FERREIRA SOARES
5004-0148;IRANI DE FATIMA CARDOSO SOUZA
5004-0155;HEDER FERREIRA HUNAS
5004-0157;GILBERTO DE ARAUJO SANTANA
5004-0158;LIDIANE ALVES CHAVES SANTOS
5004-0159;MARIA RENIA LUIZ SILVA
5004-0160;VILMA APARECIDA DOS SANTOS RODRIGUES - M
5004-0161;SILVANO ORNELAS DE OLIVEIRA 43362648649 
5004-0162;IVAN PINTO DE ALCANTARA
5004-0165;LEANDRO PINHEIRO SANTOS
5004-0166;EDUARDO SOARES RIBEIRO
5004-0168;MARILIA PINHEIRO FERREIRA
5004-0170;JOSE IZIDORIO LUIZ COSTA
5004-0171;ROSILENE COSTA VIANA
5004-0172;JOSE BARBOSA DE SOUZA
5004-0173;MILTON ORLANDO FERREIRA DE PASSOS
5004-0174;AMELIA FERREIRA DA SILVA
5004-0175;IVANILDA ALVES DE SOUSA
5004-0176;LIZETE RODRIGUES DOS SANTOS MENDES
5004-0177;JOSE MARLY RODRIGUES
5004-0178;EDSON SILVEIRA SANTOS
5004-0180;LUCIENIO GOMES FONSECA
5004-0182;ELIANE MIRANDA DE SOUZA
5004-0186;GIRLEI PINHEIRO DOS SANTOS
5004-0188;SIMONE ALVES DOS SANTOS
5004-0189;DANIELA SOARES PEREIRA
5004-0190;PATRICIA DE SOUZA
5004-0191;MARCELO MIRANDA GONCALVES
5004-0192;ELIZETE RIBEIRO DA SILVA
5004-0193;MARIO NUNES DE MATOS
5004-0194;JOTAIR PEREIRA DA COSTA
5004-0195;MOEMA APARECIDA COSTA RAMOS
5004-0196;DELMA SANTOS ALVES
5004-0198;MARTA GRACIELA ALVES FARIAS
5004-0200;ADALBERTO PEREIRA SANTOS
5004-0201;GILSON JOSE DE SOUZA
5004-0202;OLIMPIA RAMALHO SANTOS
5004-0205;JOAO NASCIMENTO PEREIRA DA SILVA
5004-0208;CLEITON SEBASTIAO GUEDES DE SOUZA
5004-0210;LUIZ LOPES SANTOS
5004-0211;PEDRO ANTONIO S SANTANA
5004-0214;AROTILDE SOUZA CAMARA
5004-0215;ROBERIO MOURA DE OLIVEIRA
5004-0218;LUCIA RIBEIRO DE MATOS
5004-0219;ADERLANDE HIRLE SILVEIRA SANTOS
5004-0220;JAQUELINE PAULA VAZ FERRAZ
5004-0221;SERAFIM FERREIRA DOS SANTOS
5004-0222;ADRIANA APARECIDA TEIXEIRA JARDIM
5004-0223;HAMILTON MIRANDA BARBOSA
5004-0224;REGINA CELIA SOUZA SANTOS
5004-0226;ELISEU NEIVA GOMES
5004-0227;HELOISA GONCALVES SOUZA
5004-0228;LARA GUEDES OTONI
5004-0229;ADRIANA ALMEIDA
5004-0230;GENIVALDO DA SILVA PEREIRA
5004-0231;RENILZA DA SILVA PEREIRA
5004-0232;VITOR CARDOSO DIAS
5004-0234;GILDENICE FERREIRA AMARAL VIEIRA
5004-0235;INGRID DE SOUZA RODRIGUES
5004-0236;JULIO PINHEIRO DE JESUS
5004-0238;ERNANI PEREIRA DOS SANTOS
5004-0239;IGOR DO CARMO VIEIRA DE OLIVEIRA 1214923
5004-0240;EDWARD FREUD FRANCA MIRANDA
5004-0242;GILSON DE JESUS VIEIRA
5004-0243;JOSE DIAS DE OLIVEIRA
5004-0244;ALICE CARLA SIQUEIRA
5004-0245;ALESSANDRO FERREIRA ALVES
5004-0316;RANIERE DE ALMEIDA SA
5004-0318;NILSON LUIZ DOS SANTOS
5004-0320;JESUS FERNANDO DOS SANTOS DA SILVA
5004-0343;MARIA GIRLENE OLIVEIRA TEIXEIRA LEMOS
5005-0003;MARCELINO FERREIRA LOPES
5005-0004;OBERDAN COSTA LOPES
5005-0007;EVERALDO DIAS DE SOUZA
5005-0009;GILMAR SANTOS ALVES
5005-0010;EDSON BARBOSA DOS SANTOS
5005-0012;ELY PEREIRA FILHA
5005-0013;MANOEL VICTOR SOUSA FERNANDES
5005-0015;LEONEL LUIZ DE FRANCA
5006-0002;JOSE APARECIDO DE SALES
5006-0003;JOSE GERALDO PEICHIM
5006-0004;GILBERTO RAMALHO DE OLIVEIRA
5006-0005;ANTONIO CARLOS ALVES SOUZA
5006-0006;JOSE FERREIRA MACHADO
5006-0007;MARIA DE FATIMA ALVES SANTANA
5006-0008;MARIA GERALDA DE OLIVEIRA AMARAL
5006-0009;AILSON ESTEVES MACIEL 58687122691
5006-0013;JOSE CORREIA DA COSTA
5006-0015;MARIA DAS NEVES MOREIRA XAVIER
5006-0017;CLENIA DE ARAUJO LIMA SOUZA
5006-0018;VALDOMIRO NUNES FERREIRA
5006-0020;ALARICE FERREIRA RAMALHO
5006-0022;DEUSDETE VIANA DE OLIVEIRA
5006-0023;CLAUDIO RODRIGUES FERNANDES
5006-0024;SILVANA RODRIGUES DE OLIVEIRA LISBOA
5006-0025;ADEMILSON FERREIRA DOS SANTOS
5006-0027;MILTON ALVES FRANCO
5006-0028;HILDEMAR FERREIRA CARDOSO
5006-0029;JOAO GOMES BATISTA
5006-0030;JOAO SENA DE SOUZA
5006-0031;JOSE VALDINE ALVES DOS SANTOS 0579191982
5006-0032;GERALDO PASCAL DE SOUZA
5006-0033;JOAO FIUZA DE SOUZA
5006-0034;DENIO DOS SANTOS NASCIMENTO
5006-0036;SANDOVAL PEREIRA AMARAL
5006-0037;TEREZA GOMES COSTA 25329802814
5006-0039;HELI FERREIRA RIBEIRO
5006-0040;GILMARA ALVES PRATES
5006-0041;JOAO PEREIRA DIAS 04385847673
5006-0042;GERALDO MELQUIADES ALVES GUIMARAES
5006-0043;GERALDO ALVES PEREIRA FILHO 57299986604 
5006-0044;JOAO PESSOA DE PAULA 58060189620
5006-0045;JOSE GOMES DA CRUZ
5006-0046;MANOEL GOMES COSTA 86886797620
5006-0048;DANILO GOMES DA SILVA ME
5006-0049;DARIO LOPES GONCALVES
5006-0051;DELCIO GOMES DE SALES
5006-0052;MARLICE APARECIDA MARTINS DOS SANTOS
5006-0053;EDSON GOMES PEREIRA
5006-0054;TIAGO DE SOUZA SANTOS
5006-0055;JUAREZ PRIMO VIEIRA
5006-0056;JOSE ANACLETO DIAS
5006-0057;JACKSON EUSTAQUIO MOREIRA
5006-0058;ALZEMIRA PEREIRA DIAS DE JESUS
5006-0060;CARLOS TEIXEIRA PEREIRA
5006-0061;BRUNO APARECIDO ALVES MACHADO
5006-0062;ELIANE PEREIRA DE BARROS
5006-0063;ALVARO DE SOUZA PEREIRA
5006-0064;GILMAR GOMES DE SOUZA
5006-0065;JOSE QUEIROZ DA SILVA
5006-0066;WALDER DE OLIVEIRA
5006-0067;CARLA ELOISA GONCALVES
5006-0069;JOSE DOS SANTOS ROMAO
5006-0070;ADILSON BATISTA BARBOSA
5007-0011;VANDERLEY BATISTA DOS SANTOS
5007-0012;CARLITO VIEIRA ROCHA
5007-0013;PAULO VIANA JUNIOR
5007-0015;ZELIA RODRIGUES MIRANDA
5007-0016;ESPERIDIAO RODRIGUES DE SOUZA
5007-0018;JOSEVAL BOAVENTURA SOUZA
5007-0019;PEDRO PEREIRA
5007-0020;ANALIA RAMOS DA SILVA
5007-0022;PEDRO FLORIANO ROCHA
5007-0023;FABIO JUNIOR PEREIRA COSTA
5007-0032;VALDETE MIRANDA DA CRUZ
5007-0033;ALIRIO DA SILVA REZENDE
5007-0037;AUREA DE SOUZA
5007-0039;NAGILA GOMES BATISTA
5007-0041;JOSE TEIXEIRA CHAVES
5007-0042;GERALDA FERREIRA DE ALMEIDA
5007-0044;MARIA DE JESUS CAETANO SILVA
5007-0045;JOSE CARLOS ALVES PEREIRA 94539103687
5007-0046;JOSE RODRIGUES
5007-0049;VALDIVIO ALVES DE ALMEIDA
5007-0050;GLEISSON ALMEIDA ARRUDA
5007-0052;SONETE DE OLIVEIRA RODRIGUES
5007-0057;VALMIR MEDEIROS COSTA
5007-0062;CAMILO PEREIRA NETO
5007-0064;SINARA RESENDE DO NASCIMENTO
5007-0066;NILDO MENDES LIMA
5007-0070;DILSON CORREA SANTOS
5007-0074;EMERSON DUARTE GOMES
5007-0078;PAULO DE SALES MIRANDA
5007-0080;JOAO COSME PEREIRA SANTOS
5007-0081;BRUNO GOMES
5007-0095;RODRIGO PEREIRA SOARES
5007-0100;KLEUVER ALVES LEMOS SANTOS
5008-0001;JOSE APARECIDO OLIVEIRA MACHADO
5008-0002;JOAO FERREIRA DE SOUSA
5008-0005;JOSE APARECIDO GOMES PEREIRA
5008-0006;ADOLFO ALVES RODRIGUES
5008-0007;VALDINE DO ROSARIO COSTA
5008-0008;MARIA LEITE RODRIGUES
5008-0009;JOAO ANTONIO DE MATOS - CPF: 026.342.218
5008-0011;MARIA DAS DORES SOARES SANTOS 0287826660
5008-0012;JOSE GERALDO LOURENCO CORDEIRO
5008-0013;JOSE GERALDO SOARES
5008-0014;ANA GEHISA MACHADO DE MACEDO
5008-0015;MANOEL SOARES MACHADO
5008-0016;ELEONELSON FEREIRA MACHADO
5008-0017;VICENTE DE PAULA FIGUEIREDO
5008-0018;JOAO RAMOS DA COSTA
5008-0019;ADEILTON RODRIGUES CAMARGOS
5008-0020;LIDIO REIS LEITE
5008-0021;JOAQUIM ANTONIO CARVALHO
5008-0027;JOAO CARVALHO DE SOUZA
5008-0028;JAIRO DOS SANTOS SOARES
5008-0030;EDCARLOS DE JESUS CARVALHO
5008-0031;AILTON GOMES DA COSTA
5008-0032;ADAO ALVES SANTOS
5008-0036;JACINTO PINHEIRO DE SOUSA
5008-0039;JOSE ANTONIO DE MATOS
5008-0040;SIDELI VIEIRA MACHADO
5008-0041;SANTOS EMPALIANO DA COSTA
5008-0044;RAFAEL BARROSO LOURRENCO
5008-0045;JULIANA SOARES DE MACEDO
5008-0046;PAULO ROBERTO DE MATOS 86158287687
5008-0047;ODAIR JOSE DE MATOS 90448103672
5008-0048;JOSE MARIA RODRIGUES DOS SANTOS
5008-0049;REGINALDO GOMES MACHADO
5008-0050;LUCIANO DA CRUZ CABRAL
5008-0051;LORIVALDO MORAES DE SOUZA
5008-0052;JARDAS JACKSON DE JESUS
5008-0053;OLAIA APARECIDA COSTA PIRES
5008-0054;SILVIO ANTONIO BERTOLINI
5008-0057;AILTON MARTINS GUEDES
5008-0058;EUCLIDES ROCHA PRAXEDES
5008-0061;MARCELO LEMOS DE JESUS
5008-0062;MARIA DE SOUSA CAMARGOS
5008-0063;HELESON HERLY FERREIRA
5008-0064;EDUARDO AUGUSTO DE MACEDO
5008-0065;PEDRO PAULO SANTANA 07418137699
5009-0009;JUSCELINO PEREIRA PENHA
5009-0014;VICENTE ALVES DE SOUZA
5009-0018;DALVANY DIAS CORREA
5009-0020;JOSE DE SOUZA ROCHA JUNIOR
5009-0021;VALDECIR GOMES FERREIRA
5009-0022;ROMARIO VIANA DOS SANTOS
5009-0024;SIDNEY DA COSTA
5009-0026;JOSE AMARO COSTA AGUILAR
5009-0029;VALDIMAR GUSMAO DE MOURA 07783951899
5009-0030;VENILTON BATISTA XAVIER
5009-0031;RAFAELA GOMES
5009-0035;ADERLANIDA MARIA ROCHA ALMEIDA GUSMAO
5009-0039;DIEGO BORGES SILVA
5009-0041;EDIMILSON LUCIO MURICIO MARTINS
5009-0043;SIVALDO JOSE DE ALMEIDA
5009-0046;DALILA MARQUES DE SOUZA
5009-0048;JOSE MARCOS ALVES
5009-0055;DIELIO BATISTA SILVA
5010-0002;MARIA DAS DORES SANTOS
5010-0008;CARLOS HENRIQUE CABRAL DE SOUZA
5010-0012;MARIA HELENA OLIVEIRA COSTA
5010-0013;VALDIVINO GONCALVES QUARESMA
5010-0014;VALMIR JOSE DE SOUZA
5010-0016;MANOEL TEIXEIRA DA COSTA
5010-0019;SELIO MOREIRA SILVA
5010-0026;MARGARETH FERRAZ LUZ
5010-0028;MARCIANO COSTA COELHO
5010-0031;AUREA FERREIRA DE ANDRADE
5010-0033;LILIAM FERRAZ DA SILVA
5010-0034;GILMAR MARTINS NOGUEIRA
5010-0035;IRENILDE MOREIRA DE SOUZA
5010-0036;GILDIR DA PAIXAO ALCANTARA
5010-0038;LUAN LEAL DA SILVA
5010-0040;ALZENI GONCALVES DE SOUZA
5010-0046;KETTSON SOUZA GONCALVES LACERDA
5010-0047;JEANE DE SOUZA ALVES
5010-0049;SUELI ALMEIDA SANTOS
5010-0050;LUCENILDE SANTOS PEREIRA
5010-0064;ANTONIO RIBEIRO DE SOUSA
5011-0002;JOSE FERREIRA DE AGUILAR
5011-0004;IZAURA MOURA DOS SANTOS
5011-0005;ORLANDO RODRIGUES DOS SANTOS
5011-0007;NARCISIO MATIAS DA SILVA
5011-0008;ALCIDES JOSE CORDEIRO
5011-0011;ISLANIA MARIA GOMES
5011-0014;ADERBALDO DE OLIVEIRA PINTO
5011-0015;MARICELIA OLIVEIRA ROCHA DOS SANTOS
5011-0021;JOSE ROCHA
5011-0022;SEBASTIAO FRANCISCO DOS SANTOS
5011-0023;ISAAC DOS SANTOS COELHO
5011-0024;MAURICIO MORAES PRATES
5011-0025;ALVANI DIAS DOS VALES
5011-0026;DEROCI JOSE DOS SANTOS
5011-0027;ALCINO DA CONCEICAO CARMO
5011-0028;JESUINO BISPO LACERDA
5011-0029;SILEIDE NERES DOS SANTOS
5011-0031;ELIAS PEDROSO ALVES
5011-0032;WESLEN JOSE DO CARMO PEDROSO
5011-0039;MIRLENE MOREIRA SANTOS
5011-0046;ABIDIAS PEREIRA ALVES
5012-0014;JOSE RODRIGUES DA PAZ
5012-0015;SERGIO GOMES DE SOUZA
5012-0021;VALDIVIO BARBOSA NEVES
5012-0022;JANUARIO PEREIRA SANTOS
5012-0023;GABRIEL MOREIRA DE SOUZA
5012-0028;MARIA DO SOCORRO REIS
5012-0035;RAUSDENIGISTON PEREIRA COSTA
5012-0043;JOAQUIM BRAGA DIAS
5012-0045;IVANILDO ALVES SOUZA
5012-0047;ANA APARECIDA PEREIRA DIAS
5012-0048;KHRISTYAN ERIK SOUZA SANTOS
5012-0049;MAISA SOARES DE SOUZA
5012-0053;JUCIMARIO FERREIRA DE SOUZA
5012-0056;PAULO GOMES DA SILVA
5012-0060;ALESSANDRO CARDOSO DE SOUSA
5012-0062;DEBORA RODRIGUES SANTOS DE SOUZA
5012-0063;SEBASTIAO RODRIGUES DE OLIVEIRA
5012-0064;CREUSA MARIA RODRIGUES LIMA
5012-0066;ARLINDO FRANCISCO
5012-0067;JAQUELINE PEREIRA DE ARAUJO
5012-0071;VALDIVINO LOPES
5012-0077;SOLIMAR PINHEIRO DE SOUSA
5012-0078;VALDIVIO GOMES DE OLIVEIRA
5012-0084;TRANQUELINO FERREIRA DOS SANTOS
5012-0085;JOZALIO DE JESUS OLIVEIRA
5012-0086;RODRIGO DIAS DE ALMEIDA
5012-0087;LEANDRO MOREIRA SILVA
5012-0102;JEFERSON FERREIRA PRATES
5012-0104;IVAN FERNANDES BALLEEIRO
5012-0106;MARCIO ALMEIDA MAGALHAES
5012-0124;CINTIA RODRIGUES PIRES
5013-0002;AGNALDO MARTINS DA SILVA
5013-0003;MARIA DAS DORES PEREIRA DE MELO
5013-0004;ANTONIO CARLOS PEREIRA DOS SANTOS
5013-0005;JOSE DOMINGOS DE SOUZA
5013-0007;ANTONIO PEREIRA DE OLIVEIRA 00474768694 
5013-0008;LOURIVAL FERREIRA DE PASSOS
5013-0010;MARIA DE LOURDES ALVES LIMA
5013-0016;MARIA LAVINIA
5013-0018;JOAQUIM FERREIRA DOS SANTOS
5013-0019;SENIL RIBEIRO DA SILVA
5013-0021;ANTONIA ZILDA PRIMO
5013-0024;JOSE HELIO VIEIRA DA SILVA
5013-0025;ANTONIO EDIVALDO FERREIRA SOUSA
5013-0026;ANTONIO CHARLES PINHEIRO DE SOUSA
5013-0028;JUVENALDO PEREIRA DE ALMEIDA
5013-0030;ARNALDO LIDIANE DOS SANTOS
5013-0031;WANDERLEY GONCALVES DA SILVA 00619021608
5013-0032;JOSE DENICIO FERREIRA DE SOUSA
5013-0033;ANGELINO LOPES DO NASCIMENTO 84012595687
5013-0034;ANTONIO GOMES MOREIRA
5013-0038;JOAO RODRIGUES DE SOUZA
5013-0039;JOAO PEREIRA ALVES 02655452690
5013-0040;JOSE MARIA LOPES DE JESUS 01436560829
5013-0041;MARIA ELIETE MENDES SANTOS 00802676618
5013-0042;JUDITE MARTINS DOS SANTOS 03563786674
5013-0043;CLAUDINE MARTINS PEREIRA
5013-0044;ELIETE VIEIRA DE SOUZA
5013-0045;ADEMIRO LEMES FERNANDES
5013-0046;SORAIA RODRIGUES DOS SANTOS
5013-0047;PABLO RODRIGUES MARTINS
5013-0048;RAI LIMA DE SOUZA
5013-0049;CACILDA VIANA DOS SANTOS
5013-0051;MARISA FERREIRA DOS SANTOS
5013-0052;HELIO MARQUES FIGUEIRO
5013-0053;FRANCISCA SOARES AGUILAR
5013-0054;RAMON PACHECO DOS SANTOS
5013-0055;ADELINO ALVES SUBRINHO
5013-0056;JOSE OLEGARIO MARTINS MENDES
5013-0057;LEDA DIANA NEIVA SANTOS
5013-0058;MAHLEY PINHEIRO RODRIGUES 02042189393
5013-0059;NONICA VIEIRA DE SOUSA ARAUJO
5013-0062;VALDIR TEIXEIRA DE PASSOS ME
5013-0063;SILVIA PEREIRA DA SILVA
5014-0004;ANTONIO CARLOS ALVES DE ARAUJO
5014-0007;ANTONIO MARTINS DOS REIS
5014-0008;MARIA APARECIDA OLIVEIRA DE SOUZA
5014-0012;ANTONIO ALVES DE OLIVEIRA
5014-0015;JOSE ALVES DE AMARAL
5014-0016;ANTONIO AMARAL
5014-0017;EDUARDO TEIXEIRA DE ALMEIDA
5014-0020;RICARDO ALVES SANTOS
5014-0022;GERALDO ALVES DE SOUZA
5014-0023;JOSE ANTONIO
5014-0026;PAULO SERGIO DE OLIVEIRA SANTOS
5014-0028;MARIA APARECIDA MENDES PEREIRA
5014-0030;MARCOS AURELIO DE OLIVEIRA PINTO
5014-0031;ANTONIO CARLOS RIBEIRO
5014-0032;MARIA MADALENA CRISTINA MESSIAS 07715484
5014-0035;VANJA MENDES PEREIRA DE SOUZA
5014-0036;JOSE LUCIO DE SOUZA
5014-0037;CELSO FERREIRA DOS SANTOS
5014-0039;DIONIDIO GOMES DE OLIVEIRA
5014-0041;FRANCISCO BALDOINO RIBEIRO FILHO
5014-0042;VANDERLEI FAGUNDES DE JESUS
5014-0044;MARIA DE LOURDES GUSMAO SIQUEIRA
5014-0054;GIRLANDIO DE JESUS FRANCA
5014-0055;JOSE AELSON JORGE DA SILVA
5014-0056;MOACIR MARTINS DOS SANTOS
5014-0059;JOAO BOSCO
5014-0063;JAILSON RODRIGUES PEREIRA
5014-0064;CHARLES DA SILVA
5014-0065;MARCOS GONCALVES DA SILVA
5014-0066;ELIANA RITA DE JESUS
5014-0068;ADAO RAIMUNDO RODRIGUES DA COSTA
5014-0071;MARIA APARECIDA GOMES DE SOUZA
5014-0072;ALONZO ALVES DE JESUS
5014-0074;RENATO MENEZES GUSMAO
5014-0075;MAURICIO DA SILVA BARBOSA
5014-0076;JOSE MARIA DA SILVA 43809588687
5014-0077;DOUGLAS DE OLIVEIRA MENDES
5014-0078;POLIANA SOARES DE ALMEIDA
5014-0080;ALIETE RODRIGUES PEREIRA 09223543673
5014-0081;REBELDINO TEIXEIRA SILVA 15514579620
5014-0082;OLIMPIO ALVES BARBOSA
5014-0083;ADELSON RIBEIRO DOS SANTOS
5014-0085;MARINA MENDES AMORIN 10055671667
5014-0086;FABIO MOREIRA
5014-0088;JOSE GERALDO LUIZ BARBOSA 00168399601
5014-0089;SELMO GOMES DE SOUZA
5014-0091;JOSE ARI PEREIRA SANTOS
5014-0093;EDSON RIBEIRO DA SILVA
5014-0096;ANA PAULA SOARES DA COSTA
5014-0097;ERNANDES SOARES GONCALVES
5014-0099;CELESINO PEREIRA BORGES
5014-0100;EDINALVA OLIVEIRA COSTA GIL 04456482605 
5014-0101;ROBERTY ALVES MOREIRA
5014-0102;ADEMAR ALVES PEREIRA
5014-0103;MARIANA DA SILVA FERREIRA
5014-0105;JOSIMAR MARTINS LIMA
5014-0106;DEUSANIA FRANCELINA DE JESUS FERREIRA
5014-0107;RUY MOISES ALVES LIMA
5014-0108;VICENTE REGES VIEIRA
5014-0109;JONATAS OLIVEIRA JARDIM
5014-0111;CARLOS VIEIRA CHAVES
5014-0112;NILTON ALVES DOS SANTOS
5014-0113;SIDNEY SOARES GOMES
5014-0115;JOSE RICARDO BATISTA VIEIRA
5014-0116;PEDRO OLIVEIRA DE SOUZA
5014-0118;ADRIANO GOMES BRITO
5014-0119;NELDI PEREIRA DOS SANTOS
5014-0121;AMANDA APARECIDA FRANCA DOS SANTOS
5014-0122;CLEITON MARTINS OLIVEIRA
5014-0124;LUCELIA CORDEIRO LOPES
5014-0125;TIAGO FRANCISCO FERNANDES
5014-0126;NAYARA ANTUNES BARBOSA
5014-0127;SANDRA LEMES CHAVES
5014-0130;RUY DE ALMEIDA
5014-0131;LUCIANA TEIXEIRA LAGES JARDIM
5014-0132;CARLOS EUGENIO MARQUES SILVA
5014-0134;WILTON PEREIRA CHAVES
5014-0135;TEDILENE RODRIGUES FERREIRA
5014-0136;DULCE ALMEIDA MARCOS
5014-0137;DEANNY VERSIANI SOARES
5014-0138;IVANETE FRANCISCA DO AMARAL
5014-0139;JOSE CHAVES GONCALVES
5014-0140;PEDRO ANTONIO SILVA LIMA
5014-0142;JOSE ARNALDO DA SILVA
5014-0143;GLAUCIO RODRIGUES BARBOSA
5014-0144;GERALDO PEREIRA LOIOLA
5014-0146;EDIMILSON DA SILVA
5014-0148;RAQUEL BATISTA MARTINS
5014-0154;MARCOS JOSE FERREIRA
5014-0157;JUNIA PEREIRA LIMA
5014-0169;JOICIANA LUIZ DE SOUZA
5014-0173;JOSIMAR MARTINS LIMA
5014-0186;SIMONE ROCHA PEREIRA
5014-0194;MUNICIPIO DE ITINGA
5014-0203;MARCOS FELLIPE RODRIGUES GONCALVES
5014-0206;VANDERLEY FAGUNDES DE JESUS 80459250604 
5014-0211;DIOGO HENRIQUE PEREIRA DA ROCHA
5015-0001;EDUARDO DE SOUZA MARTINS
5015-0003;MARCO ANTONIO NOVAIS
5015-0006;ANTONIO CARLOS VIANA LUCIO
5015-0007;JOSE CARLOS DA SILVA
5015-0008;JOAO BATISTA VIANA
5015-0020;ROBERTO DIAS OLIVEIRA
5015-0037;NELSON NOVAIS SANTOS
5015-0038;LINDOFO MEIRELES SOUZA
5015-0039;GILSON OLIVEIRA RAMOS
5015-0041;MANOEL FRANCISCO DE ALMEIDA
5015-0043;GILDEON BARBOSA DE OLIVEIRA
5015-0045;ALDO RODRIGUES DE OLIVEIRA
5015-0046;HILARIO MIRANDA TEIXEIRA LUZ
5015-0049;AMILTON FERREIRA DE OLIVEIRA
5015-0051;DARLANDE CARDOSO DOS SANTOS
5015-0052;ADAILTON ALVES DE ALMEIDA
5015-0053;SILVANA NEVES SILVA
5015-0055;MANOELZITO
5015-0056;MARIA NILZA GOMES SILVA
5015-0057;SHIRLANDIO FERREIRA DE NOVAIS
5015-0060;LINDRACY LUIZA DA SILVA
5015-0061;SEBASTIAO SANTOS
5015-0062;JULIO GONCALVES SOUZA
5015-0064;WARLEM SILVA BRITO
5015-0066;JOAO BATISTA SILVA 00775180637
5015-0067;ADIMAR PEREIRA
5015-0068;CLERIO FERREIRA DOS SANTOS
5015-0070;MARIA APARECIDA ALVES DOS SANTOS 0590557
5015-0073;MARAILDE GONCALVES BARBOSA
5015-0074;JOAO JESUS DE ARAUJO
5015-0075;FILINTO OLIVEIRA LUCIO
5015-0080;SORAIA SILVA SANTOS
5015-0089;MILVANTES SOARES MARTINS
5015-0097;VILSON AGUIAR DA ROCHA
5015-0099;ANTONIO RIMARCK NONATO CARDOSO
5015-0105;UANDERSON ROCHA BARBOSA
5015-0106;SANDRA MARA NEVES
5015-0110;MARIA DE FATIMA VIANA
5015-0133;VALMAR BRITO DA SILVA
5015-0155;NATA FERRAZ DAMACENA
5015-0157;WEBSON FERREIRA ROCHA
5015-0158;WAGNER AUGUSTO LIMA CABACINHA
5015-0160;ADENI GONCALVES DIAS XAVIER
5016-0001;JOSE APARECIDO GUEDES
5016-0002;JOSE DAS DORES DE SOUZA
5016-0003;AGNALDO APARECIDO BATISTA
5016-0004;JOSE JOAO LEITE
5016-0006;PEDRO JUVENAL VIEIRA
5016-0009;JOAQUIM DE ALMEIDA
5016-0010;WILIBALDO PEREIRA
5016-0011;ALCY FERREIRA DE ARAUJO
5016-0012;ADAO JOSE LOPES 00111892821
5016-0013;DIKSON FARLEY LIMA
5016-0014;MARIA IVANETE DE JESUS
5016-0016;FLAVIO VIEIRA SANTOS
5016-0017;CLERY APARECIDA RODRIGUES 33041534894 - 
5016-0019;SONIA DA PAZ RAMALHO
5016-0021;MARIA STEZINHA
5016-0023;GERALDO IOLANDO BATISTA
5016-0024;FLAVIO APARECIDO MARQUES DA SILVA
5016-0025;MARIETE ETELVINA CALDEIRA
5016-0026;AILTON RENAN GUEDES
5016-0027;ADILSON MOREIRA SANTOS
5016-0028;ADAILSON SOARES LAGES
5016-0030;CHUBERTTY RAMALHO SIMOES
5016-0031;IVETE RODRIGUES SILVA
5016-0032;HERMINIO DE CALDAS PINHEIRO
5016-0033;SIDNEY CALDEIRA LISBOA
5016-0034;GABRIEL VIEIRA DE SOUZA
5016-0035;ADAIR COSTA FERREIRA
5016-0036;GLICIENE DE MARCIA NONATO
5016-0037;MILENA GONCALVES BARBOSA TEIXEIRA
5016-0038;ANTONIA VALDIRENE CALDAS
5016-0040;JOAO CALDEIRA RAMALHO
5017-0001;MARIA DAS GRACAS RODRIGUES ROCHA
5017-0006;ANTONIO GERALDO PEREIRA DA SILVA
5017-0008;ROGERIO MOREIRA DA SILVA
5017-0013;ANTONIO MARCOS MATOS SILVA
5017-0020;JOSE PEREIRA DA COSTA
5017-0021;RONIE ANDRE ALVES
5017-0022;ALEX SANDRO ANDRE ALVES
5017-0024;NILSON SILVA GUIMARAES
5017-0025;ANTONIO BARRETO MORAES
5017-0035;ANDREIA PEREIRA DA SILVA SANTOS
5017-0040;MARILENE MARIA DA COSTA
5017-0042;LINALDO MARTINS PEREIRA
5017-0043;VALDENICE PEREIRA DE SOUZA
5017-0045;OSVALDO MOREIRA ALVES
5017-0046;CLAUDIO NILSON GONCALVES DE AGUILAR
5017-0047;SUELY GONCALVES
5017-0049;CECILIA FAGUNDES ROCHA
5017-0052;CELIO AGUILAR DE ALMEIDA
5017-0057;SIRLANDO MARCIANO DOS SANTOS
5017-0058;ORIEL VIEIRA DE SOUZA
5017-0061;ROMARIO GOMES DE SOUZA
5017-0064;JUSILENE SOARES MOREIRA
5017-0066;RENATO FONSECA
5017-0068;MARCELINO LOPES DE SOUZA
5017-0069;IZAQUE VIANA PRATES
5017-0070;ADILSON GONCALVES DOS SANTOS 03084596603
5017-0071;KAIO VIANA PRATES 05012455614
5017-0072;ILDENIO DE OLIVEIRA 00141031689
5017-0073;PAULIANA PEREIRA DE SOUZA
5017-0074;CARLUCIO RODRIGUES DE OLIVEIRA
5017-0077;AUREA MARIA DA PAZ
5017-0080;THALISON AMORIM AGUILAR
5017-0081;MIGUEL DE SOUZA
5017-0082;EVANDRO DE SOUZA CAMBOIM
5017-0089;MARCIA GONCALVES MONTEIRO
5017-0091;ADALBERTO JOSE DE OLIVEIRA
5017-0094;CLEMENTE SANTANA PEREIRA DE OLIVEIRA
5017-0095;DANIELE VIANA DOS SANTOS
5017-0099;FABIO BATISTA DE SOUZA
5017-0102;JULIO FERNANDES DOS SANTOS
5017-0103;MAICON GOMES DA SILVA SANTOS
5017-0105;DIEGO RODRIGUES CARNEIRO
5017-0106;JOSE ITAMAR MOREIRA
5017-0107;MARIO ORNELAS GUIMARAES
5017-0110;ADRIANA MOREIRA DANTAS LUNA
5017-0115;ADILEUSA DE SOUZA MOREIRA
5017-0116;DEBORA SOUSA CHAVES
5017-0121;SELMA ROCHA LIMA
5017-0123;MARLI ALVES TEIXEIRA 19865506807
5017-0124;GILVAN NUNES BATISTA
5017-0126;JOSE AGNERIO FERNANDES PAIVA
5017-0129;MARIA DOS ANJOS GOMES DOS SANTOS
5017-0142;MARILEIA GOMES PAIVA
5017-0146;EUTALIA MARIA AMORIM AGUILAR
5017-0155;VALDOMIRO FERNANDES DA SILVA
5017-0162;IGOR MIGUEL ALVES PEDROSO
5017-0176;VINICIUS DIAS SOARES
5017-0178;FABIO HELOIZIO RODRIGUES DE OLIVEIRA
5017-0185;SILVANIA COELHO SOARES
5017-0192;PALLOMA SOUZA BRITO
5017-0194;MARIA ESTHER DA CRUZ OLIVEIRA
5018-0005;JOAO BATISTA DOS SANTOS PEREIRA
5018-0007;ANA PAULA GOMES
5018-0009;MANOEL FERREIRA DA COSTA
5018-0010;JOSE GOMES DA CRUZ
5018-0015;TERCINO SOUZA FERREIRA
5018-0017;IVALDEIR PEREIRA DOS SANTOS
5018-0019;ABEILDO FERREIRA
5018-0020;GETULIO FERREIRA MARTINS
5018-0022;CLEIDE DA SILVA FERREIRA
5018-0023;CELCIO OLIMPIO STORCK
5018-0025;SILVANO BARBOSA DOS SANTOS
5018-0027;CLEUZA PEREIRA DA SILVA CPF 864.285.946-
5018-0028;MARIA ANITA PEREIRA SOUZA
5018-0029;EDILENE DOMINGOS DE OLIVEIRA
5018-0030;ROBELIO GIL DOS SANTOS
5018-0031;JULIANA PEREIRA PENA
5018-0032;CARLINDO DOS SANTOS
5018-0035;VALDEK DE FIGUEIREDO PINHEIRO 4035496260
5018-0036;MILTON FERNANDES DE OLIVEIRA
5018-0038;MARCIO DE MATOS
5018-0040;CRISTIANO SOUSA QUARESMA
5018-0044;JOSE LUCIO VIEIRA ROCHA
5018-0045;ALCEU FRANCISCO DOS SANTOS 04923279630
5018-0047;SANTOS CARDOSO DA FE
5018-0048;RENATA PEREIRA FRANCO
5018-0056;STARLEN PEREIRA DE SOUZA
5018-0058;MARINHO GOMES DE SOUZA
5018-0060;CINTIA FERREIRA ROCHA
5018-0062;JEFFERSON FERREIRA DO AMARAL
5018-0067;CARINE DE SOUZA GUIMARAES
5018-0069;ANDRE RIBEIRO MATOS
5018-0071;OSVALDO FERREIRA DOS SANTOS
5018-0072;MARLENE GOMES DA SILVA
5018-0077;LEONARDO DE OLIVEIRA MOTA
5018-0078;THAYANE MOTA PRATES
5018-0121;ELMAR ALCANTARA SILVA JUNIOR 
5019-0001;SEBASTIAO ALVES CAMPOS
5019-0002;JOAO GONCALVES VIEIRA NETO
5019-0003;LUIZ RODRIGUES ARAUJO
5019-0006;MARCOS LUCIO TEIXEIRA RAMOS
5019-0007;REGINALDO ALVES RIBEIRO
5019-0009;ELDI FERREIRA GOMES
5019-0010;LOURIVALDO SANTOS OLIVEIRA
5019-0011;MILTON PEREIRA DOS SANTOS
5019-0014;NELDIMAR FERREIRA DE SOUZA
5019-0015;DANIEL ROCHA CIRQUEIRA
5019-0018;FABIO RODRIGUES DOS SANTOS
5019-0019;RONYVON BRITO DOS SANTOS
5019-0021;UELSON VIANA
5019-0022;HELIO SOARES BATISTA
5019-0023;CLAUDIA PAULA DA SILVA
5019-0027;GILMAR FERREIRA DE OLIVEIRA
5019-0028;PEDRO PAULO MOREIRA SANTOS
5019-0029;ORLANDA BREVES DE SOUZA
5019-0030;VANDERLEI FREITAS SANTOS
5019-0031;EMILDE PEREIRA DOS SANTOS 51713330687
5019-0032;CELIDALVA SOARES DE ABREU 05901643682
5019-0033;ADALBERTO DA SILVA FLORES
5019-0034;DENISMAR FERREIRA SANTOS 04556594600
5019-0035;ANTONIO JORGE PEREIRA ALVES
5019-0036;MANOEL DOS SANTOS RAMOS
5019-0037;ADEMAR ROCHA DE MEIRELES 25204645691
5019-0038;FELIPE SOARES DE OLIVEIRA 12601629665
5019-0040;LOMANTO MATOS PORTO
5019-0042;MARCIO CAETANO DE SOUZA 13291756622
5019-0043;ALFREDO FARIAS DOS SANTOS
5019-0046;MARIA DAJUDA GOMES MOREIRA
5019-0047;RAFAEL PEREIRA LOPES
5019-0048;LOURENCO BATISTA DOS SANTOS
5019-0049;DANILO PEREIRA NOLASCO
5019-0050;ALEXANDRO CRUZ SOARES
5019-0052;WILLIAN ALVES SANTOS
5019-0054;LUIS OLIVEIRA SANTOS
5019-0057;FARLON FIGUEIREDO ROCHA
5019-0061;ANTONIO BONFIM
5019-0063;ESMERALDO SANTOS PINHO
5019-0064;RODRIGO EDUARDO PEREIRA LIMA
5019-0066;CARLOS DOS ANJOS DA SILVA FLORES
5019-0073;GILSON MOREIRA SOUTO 55544720606
5020-0001;CARLOS HENRIQUE GOMES BARROSO
5020-0004;GILBERTO VEIGA DA SILVA
5020-0005;ALENINO RODRIGUES BARROSO
5020-0006;EMILIO ALVES DO AMARAL
5020-0008;ANIBAL GONCALVES COSTA
5020-0009;EDIMAR HENRIQUE BARROSO
5020-0010;ANTONIO RODRIGUES NETO
5020-0011;ALMIRA RODRIGUES MATIAS 11729313647
5020-0013;VILMAR APARECIDO SOARES FERREIRA
5020-0014;GERALDO ANDERSON BARROSO
5020-0015;ERIVELTO JOSE RODRIGUES MATOSO
5020-0016;DION WAGNER BARBOSA DE PAULA
5020-0017;MARIO ALVARENGA AMARAL
5021-0001;EVANDRO SANTOS BARBOSA
5021-0005;GILBERTO GONCALVES DOS SANTOS
5021-0009;JUELISA SANTOS VARGES
5021-0012;ALMIR GONCALVES COSTA
5021-0014;OSMAR SANTOS VARGES
5021-0015;ANTONIO MARCOS DOS SANTOS
5021-0017;ROSIMAR OLIVEIRA DA SILVA
5021-0022;ALIENE BISPO DOS SANTOS
5021-0023;THARCISIO SILVA E SOLTO
5021-0024;DANIELA VARGES DE ALMEIDA CAIRES BATISTA
5021-0025;SILVANO SOARES DOS SANTOS
5021-0026;JANIO DIAS ROCHA
5021-0027;ADINA MARTINS LACERDA
5021-0032;RICARDO SIMOES SOUTO
5021-0033;JARDEL RIBEIRO SOUZA
5021-0034;IURE FERREIRA DIAS
5022-0017;JOSE DE ALMEIDA
5022-0019;ANTONIO CARLOS DOS SANTOS
5022-0021;SANTOS PEREIRA DE OLIVEIRA
5022-0026;ELIZABETH GUSMAO DE FREITAS
5022-0032;IVONETE SIRQUEIRA VIANA
5022-0043;AMAURI ALVES AMARAL
5022-0045;SANTA HELENA ORNELAS DE OLIVEIRA
5022-0048;JOAO BELTRAO DE MATOS
5022-0052;DARWIN CORDEIRO NETO
5022-0059;AURELIANO RODRIGUES DE AGUILAR
5022-0060;CILIONALDO PEREIRA DE SOUZA
5022-0064;VALDEIR ALMEIDA CHAVES
5022-0067;MAGNO RODRIGUES DE OLIVEIRA VIANA 068091
5022-0069;MILTON ROCHA VIANA 10254965822
5022-0073;SILVANIO JOSE DA COSTA
5022-0076;GESIANE GOMES COSTA 07522040680
5022-0078;MANOEL MESSIAS PEREIRA SANTOS
5022-0084;GILVAN MARTINS GUSMAO 00524932611
5022-0085;JOVELINA ALVES BRITO
5022-0088;KLEIZIANE ROCHA DOS SANTOS DIAS 07672501
5022-0092;MARIA ENI RODRIGUES PEREIRA
5022-0097;EDUARDO FERRAZ DE
5022-0099;SANDRA ALVES FERNANDES
5022-0101;SANDRA DE OLIVEIRA SANTANA
5022-0103;AILTON FRANCISCO COSTA
5022-0104;RAFAEL RODRIGUES CALDEIRA
5022-0105;GEOVANIA SOARES NOGUEIRA BATISTA
5022-0106;JOSE REINALDO DA SILVA
5022-0107;RENATA ALVES COSTA
5022-0112;JULIANO FRANCA SOARES
5022-0114;CASSIO EDSON DA SILVA
5022-0115;PAULO ROGERIO DIAS DOS SANTOS
5022-0116;ROSALVO GONCALVES COSTA
5022-0119;JOAO RODRIGUES DO AMARAL
5022-0121;JALEN FERREIRA XAVIER ME
5022-0122;MENDEL FERREIRA SANTOS
5022-0123;JUNIOR MATOS DOS SANTOS
5022-0124;RICARDO VIANA COSTA
5022-0128;MARIA SELMA FORTUNATO GUSMAO
5022-0131;GENARIO TENORIO DE BARROS 04352783803
5022-0134;MARIA RITA SOUZA SENA 08077904602
5022-0138;JOAO BATISTA SOARES
5022-0139;CAROLINA GUSMAO NITAO
5022-0153;JAILSON CAMILO DE SOUSA
5022-0175;LUIZ FERNANDO PEREIRA DA SILVA
5022-0176;DAILTON VIEIRA LIMA
5022-0200;LUCAS COSTA AMARAL
5022-0209;LILIA FALCAO SOARES ROCHA
5022-0244;TIAGO SOARES DOS ANJOS
5023-0001;MARIA DE LOURDES VIANA SILVA
5023-0003;JOAO PAULO LUIZ DA SILVA
5023-0006;VILMAR MOREIRA DA SILVA
5023-0007;IZAIAS FAGUNDES DO AMARAL
5023-0008;JOSE ILTON FRANCISCO SANTOS
5023-0009;RUBERLANIO FERNANDES DE SOUZA
5023-0015;JOAO CARDOSO DA FE
5023-0016;THAIRONE FERREIRA SILVA
5023-0017;ANA VIEIRA DOS SANTOS
5023-0018;ELIANE ALVES SANTOS
5023-0019;EDILSON GONCALVES DA SILVA
5023-0022;SILVIO GOMES SANTANA
5023-0024;VALDELINO VIANA DOS SANTOS
5023-0025;DANIEL SILVA SOUZA
5023-0026;JOAO VICTOR SOARES VITAL
5023-0027;AGILEU PEREIRA AMORIM
5023-0038;ANDERSON PEREIRA ROCHA
5025-0016;ADELSON PEREIRA BATISTA
5025-0017;JOAO GONCALVES SOARES
5025-0018;WESLEY DE SOUZA FRANCISCO
5025-0021;FRANCISCO MIRANDA LOPES
5025-0023;RIVALDAVIO DA SILVA SOUZA
5025-0034;ZELIA FRANCISCO VIEIRA REIS
5025-0040;AURENILDA FERREIRA DIAS
5025-0044;ANA RODRIGUES DOS SANTOS COSTA
5025-0045;JUCIRA APARECIDA DOS SANTOS
5025-0056;IVAN PEREIRA MIRANDA
5025-0065;MATEUS RODRIGUES DE SOUZA
5025-0066;RAFAEL DOS SANTOS PAIVA
5025-0067;MARILENE GONCALVES DOS SANTOS
5025-0070;CHARLES CAIRES LOPES
5025-0071;RITHIELE DE SOUZA SANTOS
5025-0073;ORLANDO GONCALVES NEGREIROS
5025-0079;ADENILSON ALVES CARDOSO
5025-0082;LUCIMARA DA CUNHA
5025-0086;RENATA FRANCISCO BEIRAO
5025-0088;KAROLINE DA SILVA VIEIRA CHAVES CASTRO
5025-0089;WEVERSON PEREIRA NEVES
5025-0090;ALEX GONCALVES VIEIRA
5025-0092;MAURIVALDO SANTOS CHAVES
5025-0094;PATRICIA CARDOSO VIEIRA
5025-0105;RICARDO PEREIRA DA SILVA
5025-0137;ISRAEL ANTONIO BORGES ESTEVES
5025-0146;GILBERTO DE CARES SANTOS
5025-0156;ITAMAR PEREIRA DA SILVA
5025-0162;ANIZIO BARBOSA LIMA
5026-0002;NILSON FERREIRA DO NASCIMENTO
5026-0003;CARLOS ALBERTO OLIVEIRA
5026-0006;JOSE RODRIGUES DA SILVA
5026-0007;MARIOSVALDO SANTOS BORGES
5026-0010;ALCIDES FAUSTINO SOUZA
5026-0011;WALTEX PEREIRA
5026-0012;SIDNEY RIBEIRO DA SILVA
5026-0013;GILVANDO GONCALVES DE MATOS
5026-0014;ARNOR GOMES DE ARAUJO
5026-0015;IRAN GOMES DO NASCIMENTO
5026-0016;ZILMAR GONCALVES DE AGUILAR
5026-0017;JOAO PEREIRA VIANA
5026-0020;HELIO PEREIRA DE CARVALHO
5026-0023;ALOISIO PEREIRA COSTA
5026-0024;ANTONIO LADEIA DOS SANTOS
5026-0025;LUCAS PEREIRA DOS SANTOS
5026-0027;SEBASTIAO ELIAS BARBOSA
5026-0030;MARIA DALVA GONCALVES PEREIRA 940842627 
5026-0031;ARAIDES PEREIRA DA SILVA
5026-0032;JANIMARIA DO NASCIMENTO
5026-0043;AGNALDO DUTRA
5026-0044;ILVANUSA COSTA DA SILVA
5026-0053;PAULO HENRIQUE GONCALVES PEREIRA
5027-0001;ANTONIO PEREIRA DA SILVA
5027-0013;GERALDA ALVES SANTOS
5027-0014;MARIA DE LOURDES DA SILVA MATOS
5027-0020;VALDECI PEREIRA DA SILVA
5027-0021;MARCOS VINICIUS DIAS DA SILVA
5027-0022;PAULO SERGIO PEREIRA DOS SANTOS
5027-0027;MANOELZITO ALVES
5027-0033;ANTONIO CARLOS ROCHA DE SOUZA
5027-0041;AURENICE PEREIRA DE SOUZA
5027-0042;APARECIDO PEREIRA GUIMARAES
5027-0044;ADIMAR SOARES MALTA
5027-0047;MANOEL ALMEIDA DE SOUZA
5027-0049;GENILDE DOS SANTOS
5027-0053;SILVANY LIMA SANTOS
5027-0060;CASSIO MODESTO GOMES FERNANDES
5027-0063;VALMIQUE FERREIRA DA SILVA
5027-0065;JUSSARA MARTINS BARBOSA
5027-0068;JAILSON MORAIS
5027-0070;MARCOS DE JESUS SANTOS
5027-0075;ROGERIO RODRIGUES
5027-0079;VALDETE FERNANDES SOARES
5027-0082;GERSON BELIZARIO PRATES
5027-0083;JOAO JOSE DA SILVA
5027-0086;LUCIANA RODRIGUES DOS SANTOS
5027-0106;LUCAS MORAIS ARAUJO
5027-0107;CYNTIA MARCIA DA SILVA CARDOSO
5027-0108;PRISCILLA MONTEIRO MAGALHAES
5027-0117;ALESSANDRA SILVA GUIMARAES ARAUJO
5027-0118;ARAEIS SANTANA SANTOS 03789172693
5027-0124;SUELI SOARES SANTOS
5027-0125;GILIARD BISPO DOS SANTOS
5027-0127;EVA BONFIM PEREIRA
5027-0129;ANDREIA FELIX RUAS
5027-0130;LUCIO DIAS SA SILVA
5027-0131;LEANDRO PEREIRA DE AGUILAR
5027-0132;EVALDO OLIVEIRA SANTOS
5027-0133;SERGIO ADRIANO GOMES
5027-0135;DILMA DOS SANTOS NERES
5027-0136;ADIMAR MARCOS DE BRITO
5027-0138;ALUIZ FRANCISCO ROCHA
5027-0140;LUCIANA ALVES VIEIRA
5027-0141;JEROSINO SOUZA MEIRA
5027-0142;PEDRO RODRIGUES DA SILVA
5027-0144;ADELINA XAVIER RUAS SILVA
5027-0145;ISAAC NEWTON PEREIRA DE SOUZA
5027-0147;IGOR PEREIRA ROCHA
5027-0148;ANY CAROLINY MOREIRA PEREIRA
5027-0150;ILDEONE DIAS DOS SANTOS
5027-0151;MICHELE RODRIGUES PORTO
5027-0153;UILSON SOARES DO NASCIMENTO
5027-0157;CLEUSDETE ROCHA DIAS
5027-0159;ELIANE PINHEIRO
5027-0162;JOHN LENON RODRIGUES DE SOUZA
5027-0164;MARCIO PEREIRA DE SOUZA
5027-0167;AUGUSTO AMADEUS FRANCISCO ROCHA
5027-0168;ELIANA ANTUNES DE OLIVEIRA
5027-0187;JOMAR PEREIRA DA SILVA
5027-0192;LUIZ CARLOS PEREIRA DA SILVA
5027-0194;PAULO ROBERTO RODRIGUES DE OL
5027-0200;GLEYDSON VINICIUS ROCHA DE OLIVEIRA
5027-0216;GERALDO PEREIRA DOS SANTOS
5027-0232;NATHALIA ARANTES DE FARIA
5027-0238;ROBERT JULIO ALVE OTONI
5027-0239;FRANCIELY NASCIMENTO DA SILVA
5027-0244;DIOGO LIMA SANTOS POTENCIA
5027-0251;CAROLLINY ARANTES DE FARIA
5027-0272;GILMAR JOSE DOS SANTOS
5027-0282;LUCIMARA SILVA LIMA
5028-0001;MARIA DE FATIMA PEREIRA SANTOS
5028-0004;ANDERSON DUARTE KLIA
5028-0005;ANDERSON PEREIRA SANTOS
5028-0006;LUCIANO GONCALVES PEREIRA
5028-0009;QUERUBIM ALVES DE SOUZA
5028-0011;ZENILDO PEREIRA SILVA
5028-0012;MIRAILDE GONCALVES
5028-0013;NILSON RODRIGUES SILVA
5028-0015;ALEXANDRINA LEMES DE SOUZA SANTOS
5028-0017;DAGOBERTO CARDOSO BASTOS
5028-0021;ARNO PEREIRA DOS SANTOS
5028-0024;SALVADOR LUIZ DOS SANTOS
5028-0025;JUAREZ JOSE DE SOUZA
5028-0028;IVAMAR GUIMARAES DOS SANTOS
5028-0034;MANOEL PEREIRA DA SILVA
5028-0036;RODRIGO RESENDE AGUILAR
5028-0037;FERNANDO LEMES DA SILVA
5028-0038;ANTENOR ALVES DE SOUZA
5028-0041;MARCIO GOMES DOS SANTOS
5028-0045;JACI PEREIRA DA SILVA
5028-0046;GIRLAN CARLOS RIBEIRO BORGES
5028-0047;JUDITH GONCALVES PEREIRA
5028-0049;GILMAR RIBEIRO BATISTA
5028-0050;EDIMA GONCALVES DOS SANTOS
5028-0053;CELSO LUIZ FONSECA CAMARGO 44323000006
5028-0055;OSVALDINO RENOVATO FERREIRA
5028-0056;ALEX DE OLIVEIRA JARDIM
5028-0058;LUZIA GOMES DA SILVA
5028-0060;ADILSON DA PENHA CAMPOS
5028-0061;SERGIO NUNES DOS SANTOS
5028-0062;JURANICE ALVES RODRIGUES
5028-0064;NEUSA ROSA DE JESUS
5028-0066;EDIMILSON VENTURA SILVA
5028-0067;ELIETE SOARES MIRANDA
5028-0068;ELOIZA RAMALHO DA SILVA
5028-0069;ADILSON RAMALHO DA SILVA
5028-0070;XIRLEY RODRIGUES DOS REIS
5028-0071;FERNANDA GONCALVES CARDOSO
5028-0072;FERNANDO LUIZ DOS SANTO
5028-0074;RENATO DUARTE
5028-0075;ELZENI LUIZ DOS SANTOS
5028-0076;DELMA MENDES RIBEIRO
5028-0078;CRISTIANO MOREIRA SICUPIRA
5028-0079;IVANIR SANTOS CRUZ
5028-0080;PAULO VITOR DA SILVA DE SOUZA 1200974271
5028-0081;KEITIANE RODRIGUES SANTOS
5028-0083;IRENE ALVES MOREIRA
5028-0086;SOLANO GONCALVES PEREIRA
5028-0092;FRANCINEIDE ESTEVES LEAL
5028-0107;DARIO PEREIRA DE ANDRADE
5028-0108;PAULO ROBERTO ALVES DE OLIVEIRA
5029-0001;ANTONIO MARCOS BOTELHO MAGALHAES
5029-0004;DANIEL RODRIGUES
5029-0005;JOSE PEREIRA DA SILVA
5029-0006;JOSE RODRIGUES CHAVES
5029-0008;JOAO DA CRUZ SILVA
5029-0009;EDVALDO PEREIRA SILVA
5029-0010;OSORIO RIBEIRO MAGALHAES
5029-0012;VALDIVAM MUNIZ
5029-0018;EDVALDO JORGE DA SILVA
5029-0019;LIDIO CARDOSO
5029-0020;ADSON LUIZ SILVA SANTOS
5029-0021;ADAO ANTUNES DE OLIVEIRA
5029-0022;JOAO BATISTA COSTA
5029-0025;ELIENE GOMES DE OLIVERA COSTA0534265464 
5030-0002;PEDRO NASCIMENTO BONFIM
5030-0004;JHONATHAN OLIVEIRA RODRIGUES
5030-0005;PABLO MOREIRA CARDOSO
5030-0006;VALDEK FERREIRA DA CRUZ
5030-0007;HILDON CASCALHO DOS SANTOS
5030-0010;GILSON CARVALHO
5030-0027;HUMY ALVES DOS SANTOS
5030-0030;ADEMAR ELIAS DA SILVA
5030-0031;ODEILSON FRANCISCO DE OLIVEIRA
5030-0032;RENATO SILVA SANTOS
5030-0033;TULIO PEREIRA DOS SANTOS
5030-0035;SULAMITHA STEFANY ALVES DOS SANTOS
5030-0039;MAURILIO BATISTA DOS SANTOS
5030-0040;JURANDI RAMOS NETO
5030-0042;MAICON GOES MOREIRA
5030-0043;YURE SOUSA SANTOS
5030-0071;FILIPE JOSE PINHEIRO RIBEIRO
5030-0076;RENATO RODRIGUES DOS SANTOS
5031-0017;DAVIS PEREIRA DOS SANTOS
5031-0019;AFONSO RODRIGUES DE SOUSA
5031-0021;DURVALINO JOSE DE BRITO
5031-0024;LUZIA SOUZA DE MOURA SILVA
5031-0025;VALMIRENE DUARTE ALMEIDA
5031-0026;HERMANZINHO MAURICO DOS SANTOS
5031-0047;MARCOS ANTONIO PEREIRA MENDES
5031-0048;MAGYTILER GONCALVES SANTOS
5031-0053;SIARA GONCALVES SANTOS
5031-0057;CLARISMAR BATISTA DE LIMA
5031-0077;RONDINEL BATISTA DE ARAUJO
5032-0011;ISNALDO FERREIRA DA SILVA
5032-0012;ANISIO JOSE DOS SANTOS
5032-0013;JACONIAS CORCINO BRITO
5032-0014;LORISVALDO BONIFACIO DOS SANTOS
5032-0015;ANTONEIVE BATISTA VIANA
5032-0018;ELPIDIU LACERDA TEXEIRA
5032-0019;ADAIDE PORTO FAGUNDES
5032-0020;CELMA BARBOSA ALVES
5032-0021;AROALDO SANTOS DE OLIVEIRA
5032-0023;CLAUDIONOR CAMPOS SANTOS
5032-0027;ADINELIA VIANA CAMPOS
5032-0029;ILSON LACERDA SANTOS
5032-0032;FAGNER ANTONIO TEIXEIRA
5032-0035;ALTECIO RIBEIRO DOS SANTOS
5032-0037;GILBERTO DIAS ROCHA
5032-0038;ALCEBIADES RIBEIRO DOS SANTOS
5032-0039;NEUTON DIAS SOARES
5032-0042;ZILENE DIAS DOS SANTOS
5032-0043;MARCOS DAS VIRGENS SANTOS 10315044608
5032-0044;RAIMUNDO ALVES ROCHA
5032-0047;PATRICIA DIAS SOARES
5032-0048;JOSE DE SOUZA MEIRA
5032-0056;JAQUELINE DA CUNHA
5032-0062;MARCIO DE JESUS CARDOSO
5033-0014;LIDIRAN MENDES FARIA
5033-0017;JOAO RIBEIRO COSTA
5033-0018;JAIME JOSE DA SILVA
5033-0019;EDIMARCOS PEREIRA PARDINHO
5033-0021;JOSE BAIA ROCHA
5033-0023;SERAFIM PIRES CAMPOS
5033-0024;LECY DE ALMEIDA SILVA
5033-0026;ALDO ANTONIO SOUZA
5033-0029;ODAIR JOSE VIEIRA
5033-0033;SEBASTIAO RODRIGUES DOS REIS
5033-0034;ANTONIO MARCOS NASCIMENTO
5033-0036;ANEUMIR GIL LUZ
5033-0037;JOAO CARDOSO DE BERILO
5033-0039;ADAILSON LIMA DOS SANTOS
5033-0045;IRAILDE GONCALVES BARBOSA
5033-0046;IRACI PEREIRA DOS SANTOS SANTANA
5033-0054;WALLAS SOUZA RUAS
5033-0055;GECILIA SILVA CAMPOS
5033-0056;ALZITO FERREIRA SANTOS
5033-0057;EDCARLOS PEREIRA DA SILVA 08433931652
5033-0063;EDER ALVES DE OLIVEIRA 16751143664
5033-0072;ALAN PARSONS COELHO ROCHA
5033-0075;LEONDER BATISTA DE SOUZA
5034-0001;JOSE NILTON GONCALVES 95580816634
5034-0002;JOSE MILTON RODRIGUES DE SOUZA
5034-0003;MARIA DOS ANJOS ARAUJO SANTOS
5034-0006;JOSE APARECIDO FERREIRA JARDIM
5034-0008;WILSON MOREIRA DIAS
5034-0009;JOSE CARLOS ROCHA BATISTA
5034-0010;CARLOS ALBERTO SIQUEIRA SANTOS
5034-0011;ADALTON FERREIRA FIGUEIRA
5034-0012;CARLITO JOSE BARBOSA 58284826615
5034-0013;CELIA ALVES JARDIM
5034-0014;ALAIDE PINHEIRO JARDIM FREIRE
5034-0015;ALENICE DOS SANTOS GUIMARAES
5034-0016;ANTONIO DE ARAUJO CAMPOS
5034-0017;ALFREDO RIBEIRO DA SILVA
5034-0018;VICENTE MOREIRA DA COSTA
5034-0021;CLEMENTINO PEREIRA GUIMARAES
5034-0023;SEBASTIAO SOUZA REIS
5034-0024;PETRONIO DE JESUS SOUZA
5034-0025;MILETE PEREIRA RODRIGUES
5034-0029;JOSE MAURO PINHEIRO JARDIM
5034-0030;HARLISON DIAS JARDIM
5034-0032;JOSE NILSON JARDIM
5034-0033;SILVANO FERREIRA DOS SANTOS
5034-0034;JOSE NELIO JARDIM
5034-0035;MARIA ALVES DE OLIVEIRA
5034-0036;CLEMIDES FERNANDES PINHEIRO
5034-0037;SILVANO CANDIDO VIANA
5034-0038;LEONARDO FERNANDES REIS 77532228649
5034-0039;HELENA VIEIRA SILVA 16424403884
5034-0041;JOSE NELSON MOREIRA
5034-0043;MARLUCE BOTELHO DIAS
5034-0044;ADRIANA TEIXEIRA SANTOS VIEIRA
5034-0045;JOSE GILSON PEREIRA NEVES
5034-0046;JOSE VALDO PAIVA DE AMORIM
5034-0047;GERALDO CAMPOS FERREIRA
5034-0048;CLESIO DOS SANTOS FERNANDES
5034-0049;CLEONICE RODRIGUES DA SILVA
5034-0050;JULIANA DOS SANTOS JARDIM
5034-0051;CARLIANE LUIZ JARDIM 05277114629
5034-0053;ISAIAS GOMES BATISTA
5034-0054;SOLANGE JARDIM TORRES
5034-0057;SANTA COSTA PEREIRA
5034-0058;ARLETE PEREIRA DOS SANTOS
5034-0059;JOSE NILSON FIDELIS PEREIRA
5034-0060;CLEITON DOS SANTOS FERNANDES
5034-0061;EDVALDO BORGES DOS SANTOS
5034-0062;MILTON EULER MONTEIRO PENEDO
5034-0063;JOVANE MOREIRA DE SOUZA
5034-0064;LUIZ PAULO BARBACENA CRUZ
5034-0065;GABRIELA GONCALVES DA ROCHA
5034-0066;LUCILENE MARTINS DE JESUS JARDIM 0605773
5034-0067;ADILSON GONCALVES DE SOUZA
5034-0068;LUCELIA PEREIRA DOS SANTOS 31269054805
5034-0069;SEVERINO ANDRADE DE SOUZA
5034-0070;AIRTON GONCALVES JARDIM
